"–ú—É–∑–µ–π –∏—Å—Ç–æ—Ä–∏–∏ –Ø—Ä–æ—Å–ª–∞–≤—Å–∫–æ–π —ç–Ω–µ—Ä–≥–æ—Å–∏—Å—Ç–µ–º—ã–ê—Ñ–∏—à–∞ –Ø—Ä–æ—Å–ª–∞–≤–ª—å | –Ø–≤–∫—É—Ä—Å–µ | –í—Å–µ –º–µ—Ä–æ–ø—Ä–∏—è—Ç–∏—è¬∑30 –∏—é–ª –≤ 13:25–ú—É–∑–µ–π –∏—Å—Ç–æ—Ä–∏–∏ –Ø—Ä–æ—Å–ª–∞–≤—Å–∫–æ–π —ç–Ω–µ—Ä–≥–æ—Å–∏—Å—Ç–µ–º—ã üí° –æ—Ç–∫—Ä—ã–ª—Å—è –≤ –¥–µ–∫–∞–±—Ä–µ 2009 –≥. –ú—É–∑–µ–π —Ä–∞—Å–ø–æ–ª–æ–∂–∏–ª—Å—è –Ω–∞ —Ç–µ—Ä—Ä–∏—Ç–æ—Ä–∏–∏ –Ø—Ä–æ—Å–ª–∞–≤—Å–∫–æ–≥–æ –ø—Ä–æ–∏–∑–≤–æ–¥—Å—Ç–≤–µ–Ω–Ω–æ–≥–æ –æ—Ç–¥–µ–ª–µ–Ω–∏—è —Ñ–∏–ª–∏–∞–ª–∞ –û–ê–û ¬´–ú–†–°–ö –¶–µ–Ω—Ç—Ä–∞¬ª - ¬´–Ø—Ä—ç–Ω–µ—Ä–≥–æ¬ª, –≤ –±—ã–≤—à–µ–º –ø–æ–º–µ—â–µ–Ω–∏–∏ –¥–∏—Å–ø–µ—Ç—á–µ—Ä—Å–∫–æ–π —Å–ª—É–∂–±—ã, –æ–±—â–∞—è –ø–ª–æ—â–∞–¥—å ‚Äî –±–æ–ª–µ–µ 100 –∫–≤.–º üåÜ 







 –≠–∫—Å–ø–æ–∑–∏—Ü–∏–∏ –æ—Ç—Ä–∞–∂–∞—é—Ç –æ—Å–Ω–æ–≤–Ω—ã–µ –≤–µ—Ö–∏ —Å—Ç–∞–Ω–æ–≤–ª–µ–Ω–∏—è ¬´–Ø—Ä—ç–Ω–µ—Ä–≥–æ¬ª üí°. –ü–æ –ø—Ä–µ–¥—Å—Ç–∞–≤–ª–µ–Ω–Ω—ã–º —Ñ–æ—Ç–æ–≥—Ä–∞—Ñ–∏—è–º, –≥–∞–∑–µ—Ç–Ω—ã–º üóû –≤—ã—Ä–µ–∑–∫–∞–º, –ø—Ä–µ–¥–º–µ—Ç–∞–º –±—ã—Ç–∞ –∏ —Ç–µ—Ö–Ω–∏—á–µ—Å–∫–æ–º—É –æ–±–æ—Ä—É–¥–æ–≤–∞–Ω–∏—é –ø—Ä–æ—à–ª—ã—Ö –ª–µ—Ç –º–æ–∂–Ω–æ –ø—Ä–æ—Å–ª–µ–¥–∏—Ç—å –∫–ª—é—á–µ–≤—ã–µ –∏—Å—Ç–æ—Ä–∏—á–µ—Å–∫–∏–µ –º–æ–º–µ–Ω—Ç—ã: üî∏ –Ω–∞—á–∞–ª–æ ¬´–∫–∞–º–ø–∞–Ω–∏–∏ —Ç—è–≥–∏¬ª; üî∏ —Å—Ç—Ä–æ–∏—Ç–µ–ª—å—Å—Ç–≤–æ –õ—è–ø–∏–Ω—Å–∫–æ–π —ç–ª–µ–∫—Ç—Ä–æ—Å—Ç–∞–Ω—Ü–∏–∏; üî∏ –æ–±—Ä–∞–∑–æ–≤–∞–Ω–∏–µ ¬´–Ø—Ä—ç–Ω–µ—Ä–≥–æ–∫–æ–º–±–∏–Ω–∞—Ç–∞¬ª; üî∏ –ø—É—Å–∫ —è—Ä–æ—Å–ª–∞–≤—Å–∫–æ–π –¢–≠–¶-1 –∏ –º–Ω–æ–≥–æ–µ –¥—Ä—É–≥–æ–µ. 







–í –∑–∞–ª–µ —Å–æ—Ö—Ä–∞–Ω–∏–ª—Å—è –∏ –¥–µ–π—Å—Ç–≤—É—é—â–∏–π —Ä–µ–∑–µ—Ä–≤–Ω—ã–π —â–∏—Ç —Å –ø—É–ª—å—Ç–æ–º —É–ø—Ä–∞–≤–ª–µ–Ω–∏—è, –æ—Ç–æ–±—Ä–∞–∂–∞—é—â–∏–π —Å—Ö–µ–º—É —ç–ª–µ–∫—Ç—Ä–∏—á–µ—Å–∫–∏—Ö —Å–µ—Ç–µ–π –Ø—Ä–æ—Å–ª–∞–≤—Å–∫–æ–π –æ–±–ª–∞—Å—Ç–∏ üîå 




1 –∏–∑ 3





 –ë–æ–ª—å—à–∏–Ω—Å—Ç–≤–æ —ç–∫—Å–ø–æ–Ω–∞—Ç–æ–≤ –ø–µ—Ä–µ–¥–∞–Ω–æ –º—É–∑–µ—é –≤–µ—Ç–µ—Ä–∞–Ω–∞–º–∏ ¬´–Ø—Ä—ç–Ω–µ—Ä–≥–æ¬ª üî¶ . –û–Ω–∏ –∂–µ –ø—Ä–∏–Ω–∏–º–∞–ª–∏ –Ω–µ–ø–æ—Å—Ä–µ–¥—Å—Ç–≤–µ–Ω–Ω–æ–µ —É—á–∞—Å—Ç–∏–µ –≤ —Ñ–æ—Ä–º–∏—Ä–æ–≤–∞–Ω–∏–∏ –≤—ã—Å—Ç–∞–≤–æ–∫ üí° 




1 –∏–∑ 3





üß≠ –ì–¥–µ: –≥. –Ø—Ä–æ—Å–ª–∞–≤–ª—å, –°–µ–≤–µ—Ä–Ω–∞—è –ø–æ–¥—Å—Ç–∞–Ω—Ü–∏—è, –¥. 9‚åõ –ö–æ–≥–¥–∞: –ø–Ω-–ø—Ç 08:00‚Äì17:00, –ø–µ—Ä–µ—Ä—ã–≤ 12:00‚Äì13:00‚òé –ö–æ–Ω—Ç–∞–∫—Ç—ã: (4852) 78-10-01, 78-13-77




1 –∏–∑ 3





147 –ø—Ä–æ—Å–º–æ—Ç—Ä–æ–≤¬∑2 –ø–æ–¥–µ–ª–∏–ª–∏—Å—å 





","–ì–æ—Ä–æ–¥—Å–∫–æ–π –≤—ã—Å—Ç–∞–≤–æ—á–Ω—ã–π –∑–∞–ª –∏–º–µ–Ω–∏ –ù. –ê. –ù—É–∂–∏–Ω–∞–ê—Ñ–∏—à–∞ –Ø—Ä–æ—Å–ª–∞–≤–ª—å | –Ø–≤–∫—É—Ä—Å–µ | –í—Å–µ –º–µ—Ä–æ–ø—Ä–∏—è—Ç–∏—è¬∑28 –∏—é–ª –≤ 13:00–Ø—Ä–æ—Å–ª–∞–≤—Å–∫–∏–π –≥–æ—Ä–æ–¥—Å–∫–æ–π –≤—ã—Å—Ç–∞–≤–æ—á–Ω—ã–π –∑–∞–ª –æ—Ç–∫—Ä—ã–ª—Å—è 25 –º–∞—è 1996 –≥–æ–¥–∞, –≤ 986-–ª–µ—Ç–Ω–∏–π –î–µ–Ω—å —Ä–æ–∂–¥–µ–Ω–∏—è –≥–æ—Ä–æ–¥–∞ üè∞.







 –ò–Ω–∏—Ü–∏–∞—Ç–æ—Ä–æ–º –µ–≥–æ —Å–æ–∑–¥–∞–Ω–∏—è –±—ã–ª —è—Ä–æ—Å–ª–∞–≤—Å–∫–∏–π —Ö—É–¥–æ–∂–Ω–∏–∫ - —é–≤–µ–ª–∏—Ä –ù–∏–∫–æ–ª–∞–π –ê–ª–µ–∫—Å–∞–Ω–¥—Ä–æ–≤–∏—á –ù—É–∂–∏–Ω, —Ä–∞–Ω–æ —É—à–µ–¥—à–∏–π –∏–∑ –∂–∏–∑–Ω–∏ (1954-1999). –ü–æ—Å–ª–µ —Å–º–µ—Ä—Ç–∏ —Ö—É–¥–æ–∂–Ω–∏–∫–∞ –ø–æ –ø—Ä–æ—Å—å–±–µ —è—Ä–æ—Å–ª–∞–≤—Å–∫–∏—Ö —é–≤–µ–ª–∏—Ä–æ–≤ üíé –∏ –æ–±—â–µ—Å—Ç–≤–µ–Ω–Ω–æ—Å—Ç–∏ –≥–æ—Ä–æ–¥–∞ –∑–∞–ª—É –ø—Ä–∏—Å–≤–æ–µ–Ω–æ –µ–≥–æ –∏–º—è. –í –Ω–∞—Å—Ç–æ—è—â–µ–µ –≤—Ä–µ–º—è –∫–æ–ª–ª–µ–∫—Ü–∏—è –º—É–∑–µ—è –Ω–∞—Å—á–∏—Ç—ã–≤–∞–µ—Ç 57 –ø—Ä–æ–∏–∑–≤–µ–¥–µ–Ω–∏–π, –æ–Ω–∏ –±—ã–ª–∏ –∑–∞–∫—É–ø–ª–µ–Ω—ã —É –≤–¥–æ–≤—ã —Ö—É–¥–æ–∂–Ω–∏–∫–∞ –≤ 2005 –≥–æ–¥—É.






–ù–∏–∫–æ–ª–∞–π –ê–ª–µ–∫—Å–∞–Ω–¥—Ä–æ–≤–∏—á –ù—É–∂–∏–Ω
–û—Ç–∫—Ä—ã—Ç–∏–µ –≤—ã—Å—Ç–∞–≤–æ—á–Ω–æ–≥–æ –∑–∞–ª–∞ –ø–æ–ª–æ–∂–∏–ª–æ –Ω–∞—á–∞–ª–æ —Ä–∞–∑–≤–∏—Ç–∏—é –∏ –ø–æ–¥–¥–µ—Ä–∂–∫–µ –∞–≤—Ç–æ—Ä—Å–∫–æ–≥–æ —é–≤–µ–ª–∏—Ä–Ω–æ–≥–æ üíé –∏—Å–∫—É—Å—Å—Ç–≤–∞ –≤ –≥–æ—Ä–æ–¥–µ –∏ –æ–±–ª–∞—Å—Ç–∏, —á—Ç–æ –ø–æ–∑–≤–æ–ª–∏–ª–æ –ø—Ä–∏–≤–ª–µ—á—å –≤–Ω–∏–º–∞–Ω–∏–µ –∫ –º–∞—Å—Ç–µ—Ä–∞–º –∏ —Ç–≤–æ—Ä—á–µ—Å–∫–∏–º –æ–±—ä–µ–¥–∏–Ω–µ–Ω–∏—è–º, —Å–æ–∑–¥–∞—é—â–∏–º –Ω–µ—Å–µ—Ä–∏–π–Ω—ã–µ —é–≤–µ–ª–∏—Ä–Ω—ã–µ –ø—Ä–æ–∏–∑–≤–µ–¥–µ–Ω–∏—è.




1 –∏–∑ 3





–ú–∏—Å—Å–∏—è –∑–∞–ª–∞ ‚Äì –ø–æ–¥–¥–µ—Ä–∂–∫–∞ —Ç–≤–æ—Ä—á–µ—Å–∫–∏—Ö –∏–Ω–∏—Ü–∏–∞—Ç–∏–≤ —è—Ä–æ—Å–ª–∞–≤—Å–∫–∏—Ö —Ö—É–¥–æ–∂–Ω–∏–∫–æ–≤, –¥–∏–∑–∞–π–Ω–µ—Ä–æ–≤, –∞—Ä—Ö–∏—Ç–µ–∫—Ç–æ—Ä–æ–≤, —Å–∫—É–ª—å–ø—Ç–æ—Ä–æ–≤, –¥–µ—è—Ç–µ–ª–µ–π –∏—Å–∫—É—Å—Å—Ç–≤–∞ üíç. –ö—Ä—É–≥ —É—á–∞—Å—Ç–Ω–∏–∫–æ–≤ –≤—ã—Å—Ç–∞–≤–æ–∫ –∑–∞ —ç—Ç–æ –≤—Ä–µ–º—è –∑–Ω–∞—á–∏—Ç–µ–ª—å–Ω–æ —Ä–∞—Å—à–∏—Ä–∏–ª—Å—è –∏ –≤–º–µ—Å—Ç–µ —Å —é–≤–µ–ª–∏—Ä–∞–º–∏ –Ø—Ä–æ—Å–ª–∞–≤–ª—è –∏ –æ–±–ª–∞—Å—Ç–∏ —Å–≤–æ–µ —Ç–≤–æ—Ä—á–µ—Å—Ç–≤–æ –ø–æ–∫–∞–∑—ã–≤–∞—é—Ç –º–∞—Å—Ç–µ—Ä–∞ –ú–æ—Å–∫–≤—ã, –°–∞–Ω–∫—Ç-–ü–µ—Ç–µ—Ä–±—É—Ä–≥–∞, –í–µ—Ä—Ö–Ω–µ-–í–æ–ª–∂—Å–∫–æ–≥–æ —Ä–µ–≥–∏–æ–Ω–∞, –ö–∞–ª–∏–Ω–∏–Ω–≥—Ä–∞–¥–∞, –£–∫—Ä–∞–∏–Ω—ã, –ë–µ–ª–æ—Ä—É—Å—Å–∏–∏, –§—Ä–∞–Ω—Ü–∏–∏, –°–®–ê üåê 




1 –∏–∑ 4





–¢–∞–∫–∂–µ —Å –Ω–µ –º–µ–Ω—å—à–∏–º —É—Å–ø–µ—Ö–æ–º –∑–¥–µ—Å—å –ø—Ä–æ—Ö–æ–¥—è—Ç —Ö—É–¥–æ–∂–µ—Å—Ç–≤–µ–Ω–Ω—ã–µ –∏ –∞—Ä—Ö–∏—Ç–µ–∫—Ç—É—Ä–Ω—ã–µ –≤—ã—Å—Ç–∞–≤–∫–∏ üñº, –ø–∞—Ä—Ç–Ω–µ—Ä—Å–∫–∏–µ —Ç–≤–æ—Ä—á–µ—Å–∫–∏–µ –ø—Ä–æ–µ–∫—Ç—ã, –∫–æ–Ω–∫—É—Ä—Å–Ω—ã–µ –≤—ã—Å—Ç–∞–≤–∫–∏ üè∫ —Ä–µ–º–µ—Å–ª–µ–Ω–Ω–∏–∫–æ–≤. 




1 –∏–∑ 3





–¢–∞–∫–∂–µ –≤ –≤—ã—Å—Ç–∞–≤–æ—á–Ω–æ–º –∑–∞–ª–µ –ø—Ä–æ–≤–æ–¥—è—Ç—Å—è –∫–æ–Ω–∫—É—Ä—Å–Ω—ã–µ –≤—ã—Å—Ç–∞–≤–∫–∏ üìø –Ω–∞—Ä–æ–¥–Ω—ã—Ö –ø—Ä–æ–º—ã—Å–ª–æ–≤ –∏ —Ä–µ–º–µ—Å–µ–ª —Å –º–∞—Å—Ç–µ—Ä - –∫–ª–∞—Å—Å–∞–º–∏, –ø–µ—Ä—Å–æ–Ω–∞–ª—å–Ω—ã–µ –≤—ã—Å—Ç–∞–≤–∫–∏ —è—Ä–æ—Å–ª–∞–≤—Å–∫–∏—Ö –∂–∏–≤–æ–ø–∏—Å—Ü–µ–≤ üé®, –≥—Ä–∞—Ñ–∏–∫–æ–≤, –º–∞—Å—Ç–µ—Ä–æ–≤ –¥–µ–∫–æ—Ä–∞—Ç–∏–≤–Ω–æ ‚Äì –ø—Ä–∏–∫–ª–∞–¥–Ω–æ–≥–æ –∏—Å–∫—É—Å—Å—Ç–≤–∞, –∞—Ä—Ö–∏—Ç–µ–∫—Ç–æ—Ä–æ–≤.






–ú—É–∑–µ–π –∏—Å—Ç–æ—Ä–∏–∏ –Ø—Ä–æ—Å–ª–∞–≤–ª—è
 –í—ã—Å—Ç–∞–≤–æ—á–Ω—ã–π –∑–∞–ª —Å 2001 –≥. —è–≤–ª—è–µ—Ç—Å—è —Ñ–∏–ª–∏–∞–ª–æ–º –ú—É–∑–µ—è –∏—Å—Ç–æ—Ä–∏–∏ –Ø—Ä–æ—Å–ª–∞–≤–ª—è üè†. –ù–∞—Ö–æ–¥–∏—Ç—Å—è –≤ —Ü–µ–Ω—Ç—Ä–∞–ª—å–Ω–æ–π —á–∞—Å—Ç–∏ –≥–æ—Ä–æ–¥–∞, –∏–º–µ–µ—Ç —á–µ—Ç—ã—Ä–µ —ç–∫—Å–ø–æ–∑–∏—Ü–∏–æ–Ω–Ω—ã—Ö –∑–∞–ª–∞, –æ—Å–Ω–∞—â–µ–Ω —Å–æ–≤—Ä–µ–º–µ–Ω–Ω—ã–º –≤—ã—Å—Ç–∞–≤–æ—á–Ω—ã–º –æ–±–æ—Ä—É–¥–æ–≤–∞–Ω–∏–µ–º.




1 –∏–∑ 2





–û–±—Ä–∞–∑–æ–≤–∞—Ç–µ–ª—å–Ω—ã–µ —É—Å–ª—É–≥–∏:M–∞—Å—Ç–µ—Ä-–∫–ª–∞—Å—Å—ã –ø–æ –Ω–∞—Ä–æ–¥–Ω—ã–º –ø—Ä–æ–º—ã—Å–ª–∞–º –∏ —Ä–µ–º–µ—Å–ª–∞–º –Ω–∞ –µ–∂–µ–≥–æ–¥–Ω–æ–º –∫–æ–Ω–∫—É—Ä—Å–µ-–≤—ã—Å—Ç–∞–≤–∫–µ ¬´–ü–∞—Ä–∞–¥ —Ä–µ–º–µ—Å–µ–ª¬ª, –ø—Ä–∏—É—Ä–æ—á–µ–Ω–Ω–æ–π –∫ –ø—Ä–∞–∑–¥–Ω–æ–≤–∞–Ω–∏—é ¬´–ú–∞—Å–ª–µ–Ω–∏—Ü—ã¬ª üë®‚Äçüë©‚Äçüëß‚Äçüë¶ .




1 –∏–∑ 3





üß≠ –ì–¥–µ: –≥. –Ø—Ä–æ—Å–ª–∞–≤–ª—å, —É–ª. –°–≤–æ–±–æ–¥—ã, 15‚åõ –ö–æ–≥–¥–∞: –µ–∂–µ–¥–Ω–µ–≤–Ω–æ, –∫—Ä–æ–º–µ –ø–æ–Ω–µ–¥–µ–ª—å–Ω–∏–∫–∞, —Å 11.00 –¥–æ 19.00‚òé –ö–æ–Ω—Ç–∞–∫—Ç—ã: +7 (4852) 32-83-83üí∞ –°—Ç–æ–∏–º–æ—Å—Ç—å: –æ—Ç 75 —Ä—É–±–ª–µ–π (—É—Ç–æ—á–Ω–∏—Ç—å –ø–æ üìû)üíª –°–∞–π—Ç: http://www.mukmig.yaroslavl.ru/?







103 –ø—Ä–æ—Å–º–æ—Ç—Ä–∞¬∑3 –ø–æ–¥–µ–ª–∏–ª–∏—Å—å 





","–ú—É–∑–µ–π–Ω—ã–π –∫–æ–º–ø–ª–µ–∫—Å ¬´–¢–æ–ª–±—É—Ö–∏–Ω–æ¬ª–ê—Ñ–∏—à–∞ –Ø—Ä–æ—Å–ª–∞–≤–ª—å | –Ø–≤–∫—É—Ä—Å–µ | –í—Å–µ –º–µ—Ä–æ–ø—Ä–∏—è—Ç–∏—è¬∑21 –∏—é–ª –≤ 13:25–ê–≤—Ç–æ–±—É—Å–Ω—ã–µ üöå –º–Ω–æ–≥–æ–¥–Ω–µ–≤–Ω—ã–µ –∏ –æ–¥–Ω–æ–¥–Ω–µ–≤–Ω—ã–µ —ç–∫—Å–∫—É—Ä—Å–∏–∏ –≤ –º—É–∑–µ–∏ –Ø—Ä–æ—Å–ª–∞–≤–ª—è –ø—Ä–µ–¥–ª–∞–≥–∞–µ—Ç –º—É–∑–µ–π–Ω–æ–µ –æ–±—ä–µ–¥–∏–Ω–µ–Ω–∏–µ ""–¢–æ–ª–±—É—Ö–∏–Ω–æ"". –í–∞—Å –∂–¥–µ—Ç –Ω–µ–∑–∞–±—ã–≤–∞–µ–º–æ–µ –ø—Ä–∏–∫–ª—é—á–µ–Ω–∏–µ –≤ —É–¥–∏–≤–∏—Ç–µ–ª—å–Ω—ã–º –º–∏—Ä —Å—Ç–∞—Ä–∏–Ω—ã –æ—Ç –±—Ä–æ–Ω–∑–æ–≤–æ–≥–æ –≤–µ–∫–∞ –¥–æ –Ω–∞—à–∏—Ö –¥–Ω–µ–π.







–ó–∞ 5 –ª–µ—Ç –≤ —Å–µ–ª–µ –¢–æ–ª–±—É—Ö–∏–Ω–æ üèò —Å–æ–∑–¥–∞–Ω –º—É–∑–µ–π–Ω—ã–π –∫–æ–º–ø–ª–µ–∫—Å, –∫–æ—Ç–æ—Ä—ã–π –≤–æ—à–µ–ª –≤ –¢–û–ü-10 –∫—Ä—É–ø–Ω–µ–π—à–∏—Ö –º—É–∑–µ–π–Ω—ã—Ö –æ–±—ä–µ–¥–∏–Ω–µ–Ω–∏–π –†–æ—Å—Å–∏–∏.







–ò—Å—Ç–æ—Ä–∏–∫–æ-–º—É–∑–µ–π–Ω—ã–π –∫–æ–º–ø–ª–µ–∫—Å ¬´–¢–æ–ª–±—É—Ö–∏–Ω–æ¬ª –æ–±—ä–µ–¥–∏–Ω—è–µ—Ç –º—É–∑–µ–π –º–∞—Ä—à–∞–ª–∞ –§. –ò. –¢–æ–ª–±—É—Ö–∏–Ω–∞, –º–æ—Å–∫–æ–≤—Å–∫–∏–µ, –ø–µ—Ç–µ—Ä–±—É—Ä–≥—Å–∫–∏–µ, –≤–ª–∞–¥–∏–º–∏—Ä—Å–∫–∏–µ –∏ —è—Ä–æ—Å–ª–∞–≤—Å–∫–∏–µ üè£ –º—É–∑–µ–∏, –ø–µ—Ä–µ–µ—Ö–∞–≤—à–∏–µ –≤ —Å–µ–ª–æ –¢–æ–ª–±—É—Ö–∏–Ω–æ (24 –º—É–∑–µ—è), –∏ –∞—Ä—Ö–∏—Ç–µ–∫—Ç—É—Ä–Ω—ã–µ –ø–∞–º—è—Ç–Ω–∏–∫–∏: ¬´–ß–∞–π–Ω—ã–π –¥–æ–º¬ª –§—ë–¥–æ—Ä–∞ –ö–∏—Å–ª–æ–≤–∞, –¥–≤–æ—Ä–µ—Ü-—É—Å–∞–¥—å–±–∞ –ò–≤–∞–Ω–∞ –ö–∏—Å–ª–æ–≤–∞, —É—Å–∞–¥—å–±–∞ –§—ë–¥–æ—Ä–∞ –®–µ–ª–µ–ø–æ–≤–∞. –¢–∞–∫–∂–µ –ø—Ä–µ–¥—Å—Ç–∞–≤–ª–µ–Ω–∞ –∫–æ–º–ø–ª–µ–∫—Å–Ω–∞—è —ç–∫—Å–ø–æ–∑–∏—Ü–∏—è —Ñ–∞—Ç—å—è–Ω–æ–≤—Å–∫–æ–π –∫—É–ª—å—Ç—É—Ä—ã: ¬´–°–≤—è—Ç–∏–ª–∏—â–µ –§–∞—Ç—å—è–Ω–æ–≤—Å–∫–∏—Ö –ø–ª–µ–º—ë–Ω¬ª, –º—É–∑–µ–π –ë—Ä–æ–Ω–∑–æ–≤–æ–≥–æ –≤–µ–∫–∞, –º–µ–≥–∞–ª–∏—Ç–∏—á–µ—Å–∫–∞—è –æ–±—Å–µ—Ä–≤–∞—Ç–æ—Ä–∏—è ¬´–°—Ç–æ–ª–±—ã¬ª üóø –∏ –°–∏–Ω—å-–∫–∞–º–µ–Ω—å.




1 –∏–∑ 3





–í —Ö–æ–¥–µ —ç–∫—Å–∫—É—Ä—Å–∏–π –ø–æ –º—É–∑–µ—è–º üè£ , –∞ —ç—Ç–æ: ¬´–ú—É–∑–µ–π –±—Ä–æ–Ω–∑–æ–≤–æ–≥–æ –≤–µ–∫–∞¬ª, –ú—É–∑–µ–π –ü–µ—Ç—Ä–∞ I, –ú—É–∑–µ–π —Å—Ç–∞—Ä–∏–Ω–Ω—ã—Ö –≥—Ä–∞–≤—é—Ä, –ú—É–∑–µ–π —Å–≤—è–∑–∏, –ú—É–∑–µ–π —Ñ–∞—Ä—Ñ–æ—Ä–∞, –ú—É–∑–µ–π —Ö—Ä—É—Å—Ç–∞–ª—è, –ú—É–∑–µ–π –º—É–∑—ã–∫–∏ üéª, –ú—É–∑–µ–π –º–æ–¥—ã –∏ –¥—Ä—É–≥–∏–µ., —Å—Ç–∞—Ä–∏–Ω–Ω—ã–º —É–ª–∏—Ü–∞–º —Å–µ–ª–∞ –¢–æ–ª–±—É—Ö–∏–Ω–æ, –ø–æ—Å–µ—Ç–∏—Ç–µ–ª–∏ —É–∑–Ω–∞—é—Ç —É–Ω–∏–∫–∞–ª—å–Ω—É—é –∏—Å—Ç–æ—Ä–∏—á–µ—Å–∫—É—é –∏–Ω—Ñ–æ—Ä–º–∞—Ü–∏—é –æ –∑–Ω–∞–º–µ–Ω–∏—Ç–æ–π —Ñ–∞—Ç—å—è–Ω–æ–≤—Å–∫–æ–π –∫—É–ª—å—Ç—É—Ä–µ, —É–≤–∏–¥—è—Ç –∏ –ø–æ—Ç—Ä–æ–≥–∞—é—Ç —Ä—É–∫–∞–º–∏ üè∫ –ø–æ–¥–ª–∏–Ω–Ω—ã–µ –ø—Ä–µ–¥–º–µ—Ç—ã III —Ç—ã—Å—è—á–µ–ª–µ—Ç–∏—è –¥–æ –Ω.—ç., —É—Å–ª—ã—à–∞—Ç –∏—Å—Ç–æ—Ä–∏–∏ –æ –∫—Ä–µ—Å—Ç—å—è–Ω—Å–∫–æ–º –∏ –∫—É–ø–µ—á–µ—Å–∫–æ–º —Å–æ—Å–ª–æ–≤–∏–∏, –æ—Ç—Ö–æ–∂–∏—Ö –ø—Ä–æ–º—ã—Å–ª–∞—Ö –∫—É–∑–Ω–µ—á–Ω–æ–º –∏ –ª–µ–ø–Ω–æ–º –ø—Ä–æ–º—ã—Å–ª–µ, —à–≤–µ–π–Ω–æ–º –¥–µ–ª–µ –∏ –¥—Ä—É–≥–∏—Ö —Ä–µ–º–µ—Å–ª–∞—Ö –∂–∏—Ç–µ–ª–µ–π —Å–µ–ª–∞ –î–∞–≤—ã–¥–∫–æ–≤–æ (–Ω—ã–Ω–µ —Å–µ–ª–æ –¢–æ–ª–±—É—Ö–∏–Ω–æ) . –£–∑–Ω–∞—é—Ç —É–¥–∏–≤–∏—Ç–µ–ª—å–Ω—ã–µ –ª–µ–≥–µ–Ω–¥—ã –æ –ø–æ—Å–µ—â–µ–Ω–∏–∏ —ç—Ç–∏—Ö –º–µ—Å—Ç —Ü–∞—Ä–µ–º –ò–≤–∞–Ω–æ–º –ì—Ä–æ–∑–Ω—ã–º –∏ —Ü–∞—Ä–µ–º –ü–µ—Ç—Ä–æ–º –í–µ–ª–∏–∫–∏–º.




1 –∏–∑ 4





–°–∞–º–æ —Å–µ–ª–æ –¢–æ–ª–±—É—Ö–∏–Ω–æ –Ω–∞—Ö–æ–¥–∏—Ç—Å—è –≤ –∑–∞–ø–æ–≤–µ–¥–Ω—ã—Ö –ª–µ—Å–∞—Ö üå≥üå≥ –≤–æ–∫—Ä—É–≥ –∂–∏–≤–æ–ø–∏—Å–Ω–æ–≥–æ –æ–∑–µ—Ä–∞ –¢–∞—Ä–∞—Å–æ–≤–æ. –î–æ —Å–∏—Ö –ø–æ—Ä –º–µ—Å—Ç–Ω—ã–µ –∂–∏—Ç–µ–ª–∏ –Ω–∞—Ö–æ–¥—è—Ç –≤ —Ä—É—á—å—è—Ö, –æ–≤—Ä–∞–≥–∞—Ö, –∫—É—Ä–≥–∞–Ω–∞—Ö –¥—Ä–µ–≤–Ω–∏–µ –º–æ–Ω–µ—Ç—ã, —Ä–æ—Å—Å—ã–ø–∏ –∫–µ—Ä–∞–º–∏–∫–∏, –Ω–∞–∫–æ–Ω–µ—á–Ω–∏–∫–∏ —Å—Ç—Ä–µ–ª üèπ, –∫–æ–ø–∏–π –ø–µ—Ä–∏–æ–¥–∞ –±—Ä–æ–Ω–∑–æ–≤–æ–≥–æ –≤–µ–∫–∞.







–ü—Ä–æ–≥—Ä–∞–º–º–∞ —ç–∫—Å–∫—É—Ä—Å–∏–∏:üî∏ –§–∞–ª—å—è–Ω–æ–≤—Å–∫–∞—è —Ü–∏–≤–∏–ª–∏–∑–∞—Ü–∏—è. –£–Ω–∏–∫–∞–ª—å–Ω—ã–µ –∞—Ä—Ç–µ—Ñ–∞–∫—Ç—ã –∏ –Ω–∞—Ö–æ–¥–∫–∏;üî∏ –ø–æ—Å–µ—â–µ–Ω–∏–µ 25 —É–Ω–∏–∫–∞–ª—å–Ω—ã—Ö –º—É–∑–µ–µ–≤;üî∏ —ç–∫–æ—Ç—É—Ä–∏–∑–º ‚Äî –≤—Å–µ –æ—Ç —Ä—ã–±–∞–ª–∫–∏ –Ω–∞ –æ–∑–µ—Ä–µ –¥–æ —á–∞–µ–ø–∏—Ç–∏—è;üî∏ –∏–Ω—Ç–µ—Ä–∞–∫—Ç–∏–≤–Ω—ã–µ –ø—Ä–æ–≥—Ä–∞–º–º—ã;üî∏ —á–∞–µ–ø–∏—Ç–∏–µ.







üß≠ –ì–¥–µ: –Ø—Ä–æ—Å–ª–∞–≤—Å–∫–∞—è –æ–±–ª., –Ø—Ä–æ—Å–ª–∞–≤—Å–∫–∏–π —Ä–∞–π–æ–Ω, —Å. –¢–æ–ª–±—É—Ö–∏–Ω–æ, —É–ª. –°–æ–≤–µ—Ç—Å–∫–∞—è, –¥. 1;‚åõ –ö–æ–≥–¥–∞: –µ–∂–µ–¥–Ω–µ–≤–Ω–æ (—É—Ç–æ—á–Ω–∏—Ç—å –ø–æ üìû);‚òé –ö–æ–Ω—Ç–∞–∫—Ç—ã: 8-961-157-89-09, (4852) 79-57-92, 8-910-972-77-68üí∞ –°—Ç–æ–∏–º–æ—Å—Ç—å: 1000 —Ä—É–±–ª–µ–π (–ü–æ—Å–µ—â–µ–Ω–∏–µ 19 –º—É–∑–µ–µ–≤ –∏–∑ 25, –±–æ–±—Ä–æ–≤–æ–π –ø–ª–æ—Ç–∏–Ω—ã, —Ä—É—Å—Å–∫–æ–µ —á–∞–µ–ø–∏—Ç–∏–µ —Å –¥–µ–≥—É—Å—Ç–∞—Ü–∏–µ–π ""–ò–≤–∞–Ω-—á–∞—è¬ª. –ü–µ–Ω—Å–∏–æ–Ω–µ—Ä–∞–º –∏ –¥–µ—Ç—è–º —Å–∫–∏–¥–∫–∞);üíª –°–∞–π—Ç: https://muzei76.ru/üöå –ö–∞–∫ –¥–æ–±—Ä–∞—Ç—å—Å—è: 18 –∫–º –ø–æ —Ç—Ä–∞—Å—Å–µ –ú-8. –ü—Ä–æ–µ–∑–¥ –∞–≤—Ç–æ–±—É—Å–æ–º ‚Ññ 125 –ö–î–ü ¬´–ó–∞–≤–æ–ª–∂—å–µ¬ª (—É ¬´–ö–æ—Å–º–æ—Å–∞¬ª) –¥–æ –¢–æ–ª–±—É—Ö–∏–Ω–æ.







308 –ø—Ä–æ—Å–º–æ—Ç—Ä–æ–≤¬∑8 –ø–æ–¥–µ–ª–∏–ª–∏—Å—å 





","–ú—É–∑–µ–π —Ä–∞—Ç–Ω–æ–π –∏—Å—Ç–æ—Ä–∏–∏ –Ø—Ä–æ—Å–ª–∞–≤–ª—è–ê—Ñ–∏—à–∞ –Ø—Ä–æ—Å–ª–∞–≤–ª—å | –Ø–≤–∫—É—Ä—Å–µ | –í—Å–µ –º–µ—Ä–æ–ø—Ä–∏—è—Ç–∏—è¬∑20 –∏—é–ª –≤ 17:43–ú—É–∑–µ–π –†–∞—Ç–Ω–æ–π –ò—Å—Ç–æ—Ä–∏–∏ –Ø—Ä–æ—Å–ª–∞–≤–ª—è –æ—Ç–∫—Ä—ã–ª—Å—è üóù —Å–æ–≤—Å–µ–º –Ω–µ–¥–∞–≤–Ω–æ, –Ω–æ —É–∂–µ –ø—Ä–æ–≤–æ–¥–∏—Ç —ç–∫—Å–∫—É—Ä—Å–∏–∏ –¥–ª—è –æ—Ä–≥–∞–Ω–∏–∑–æ–≤–∞–Ω–Ω—ã—Ö –≥—Ä—É–ø–ø. 







–£—Ç–≤–∞—Ä—å üè∫ , –ø—Ä–µ–¥–º–µ—Ç—ã –±—ã—Ç–∞, –æ—Ä—É–∂–∏–µ, –¥–æ—Å–ø–µ—Ö–∏ –∏ —Ä–µ–º–µ—Å–ª–∞. –í—Å–µ —ç—Ç–æ –≤ —Ñ–æ—Ä–º–∞—Ç–µ ‚Äú–∂–∏–≤–∞—è –∏—Å—Ç–æ—Ä–∏—è‚Äù.




1 –∏–∑ 6





–í –æ—Å–Ω–æ–≤–µ —ç–∫—Å–∫—É—Ä—Å–∏–π –ª–µ–∂–∞—Ç —Ç–æ—á–Ω—ã–µ –∫–æ–ø–∏–∏ –≤–µ—â–µ–π –∏ –∫–æ—Å—Ç—é–º–æ–≤ ü•ã —Å—Ç–∞—Ä–∏–Ω—ã, –∏ –∏—Ö –º–æ–∂–Ω–æ –ø–æ—Ç—Ä–æ–≥–∞—Ç—å, –∏—Å–ø–æ–ª—å–∑–æ–≤–∞—Ç—å, –ø—Ä–∏–º–µ—Ä–∏—Ç—å. 







–í–∞–º –ø—Ä–µ–¥–ª–∞–≥–∞–µ—Ç—Å—è –º–∏–Ω–∏–º—É–º —Å–∫—É—á–Ω–æ–π –∏–Ω—Ñ–æ—Ä–º–∞—Ü–∏–∏ –ø—Ä–æ –¥–∞—Ç—ã, –º–∞–∫—Å–∏–º—É–º —ç–º–æ—Ü–∏–π, –∏–Ω—Ç–µ—Ä–µ—Å–Ω—ã—Ö –º–∞—Å—Ç–µ—Ä-–∫–ª–∞—Å—Å–æ–≤, –±–æ–µ–≤ üèπ üõ° üó° –Ω–∞ –±–µ–∑–æ–ø–∞—Å–Ω—ã—Ö –º—É–ª—è–∂–∞—Ö –æ—Ä—É–∂–∏—è –∏ –≤–µ—Å–µ–ª—ã—Ö –≤–∏–∫—Ç–æ—Ä–∏–Ω. 







–í –º—É–∑–µ–µ —Ä–∞—Ç–Ω–æ–π –∏—Å—Ç–æ—Ä–∏–∏ –≤—ã –ø–æ—á—É–≤—Å—Ç–≤—É–µ—Ç–µ —Å–µ–±—è –≥–µ—Ä–æ–µ–º —ç–ø–æ—Ö–∏ –≤ –Ω–∞—Å—Ç–æ—è—â–µ–º –ø—É—Ç–µ—à–µ—Å—Ç–≤–∏–∏ –≤–æ –≤—Ä–µ–º–µ–Ω–∏ üëí üé© ! –í–∞—Å –Ω–∞—É—á–∞—Ç –ø–∏—Å–∞—Ç—å –Ω–∞ –±–µ—Ä–µ—Å—Ç–µ –∏ —Å—Ç—Ä–µ–ª—è—Ç—å –∏–∑ –ø—É—à–∫–∏. –ö –ê –∫–∞–∫ –Ω–∞—Å—á–µ—Ç –ø–∏—Ä–∞ —É –∫–Ω—è–∑—è –∏–ª–∏ —Ä—ã—Ü–∞—Ä—Å–∫–∏–π —Ç—É—Ä–Ω–∏—Ä?







–ß–¢–û –ï–°–¢–¨ –í –ú–£–ó–ï–ï:üî∏ —ç–∫—Å–∫—É—Ä—Å–æ–≤–æ–¥—ã, –≤–ª—é–±–ª–µ–Ω–Ω—ã–µ –≤ —Å–≤–æ–∏ —ç–ø–æ—Ö–∏, –≤ –∏—Å—Ç–æ—Ä–∏—á–µ—Å–∫–∏—Ö –∫–æ—Å—Ç—é–º–∞—Ö (–Ω–µ –ø–µ—Ç—Ä—É—à–∫–∏, –∞ —Ä–µ–∫–æ–Ω—Å—Ç—Ä—É–∫—Ü–∏—è!);üî∏ 3 –∏—Å—Ç–æ—Ä–∏—á–µ—Å–∫–∏—Ö –ø–µ—Ä–∏–æ–¥–∞ –∏—Å—Ç–æ—Ä–∏–∏;üî∏ –±–æ–ª–µ–µ 300 —ç–∫—Å–ø–æ–Ω–∞—Ç–æ–≤ (–æ—Ç –≤—Ä–µ–º–µ–Ω –î—Ä–µ–≤–Ω–µ–π –†—É—Å–∏ –¥–æ –°–º—É—Ç–Ω–æ–≥–æ –≤—Ä–µ–º–µ–Ω–∏).




1 –∏–∑ 5





üß≠ –ì–¥–µ: –≥. –Ø—Ä–æ—Å–ª–∞–≤–ª—å, –û–∫—Ç—è–±—Ä—å—Å–∫–∏–π –ø–µ—Ä–µ—É–ª–æ–∫, 3;‚åõ –ö–æ–≥–¥–∞: —Å 10:00 –¥–æ 18:00 –±–µ–∑ –≤—ã—Ö–æ–¥–Ω—ã—Ö, –æ–±–µ–¥ —Å 14:00 –¥–æ 14:30‚òé –ö–æ–Ω—Ç–∞–∫—Ç—ã: 89201135754üíª –°–∞–π—Ç: https://castle.moscow/ 




1 –∏–∑ 2





164 –ø—Ä–æ—Å–º–æ—Ç—Ä–∞¬∑6 –ø–æ–¥–µ–ª–∏–ª–∏—Å—å 





"," –¢–ï–ê–¢–† –ö–ê–°–ö–ê–î–Å–†–û–í ¬´–Ø–†–§–ò–õ–¨–ú¬ª–ê—Ñ–∏—à–∞ –Ø—Ä–æ—Å–ª–∞–≤–ª—å | –Ø–≤–∫—É—Ä—Å–µ | –í—Å–µ –º–µ—Ä–æ–ø—Ä–∏—è—Ç–∏—è¬∑16 –∏—é–ª –≤ 12:12–¢–ï–ê–¢–† –ö–ê–°–ö–ê–î–Å–†–û–í ¬´–Ø–†–§–ò–õ–¨–ú¬ª ‚Äî —ç—Ç–æ —Ç–µ–∞—Ç—Ä üé≠, –ø–æ—è–≤–∏–≤—à–∏–π—Å—è –≤ 2006 –≥–æ–¥—É –Ω–∞ –±–∞–∑–µ –∫–∏–Ω–æ–∫–æ–º–ø–∞–Ω–∏–∏ ""–Ø—Ä—Ñ–∏–ª—å–º"". –ê–≤—Ç–æ—Ä–æ–º –∏–¥–µ–∏ —Å–æ–∑–¥–∞–Ω–∏—è —ç—Ç–æ–≥–æ —Ç–µ–∞—Ç—Ä–∞ —è–≤–∏–ª–∏—Å—å –ê–Ω–∞—Ç–æ–ª–∏–π –§–µ–Ω–æ—á–∫–æ (–≤ —Ç–æ –≤—Ä–µ–º—è –æ–Ω –±—ã–ª –∑–∞–º. –¥–∏—Ä–µ–∫—Ç–æ—Ä–∞ –û–û–û ""–Ø—Ä—Ñ–∏–ª—å–º"") –∏ –µ–≥–æ –ª—É—á—à–∏–π –¥—Ä—É–≥ - –∞–∫—Ç—ë—Ä –†–æ–º–∞–Ω –ö—É—Ä—Ü—ã–Ω.







–û–Ω–∏ –≤–º–µ—Å—Ç–µ –ø—Ä–æ—Ö–æ–¥–∏–ª–∏ –æ–±—É—á–µ–Ω–∏–µ –≤ —Ç–µ–∞—Ç—Ä–∞–ª—å–Ω–æ–º –í–£–ó–µ, —Ç—Ä–µ–Ω–∏—Ä–æ–≤–∞–ª–∏—Å—å, —É—á–∞—Å—Ç–≤–æ–≤–∞–ª–∏ –≤ –∫–∏–Ω–æ—Å—ä—ë–º–∫–∞—Ö üé•, –∏–∑—É—á–∞–ª–∏ –∫–∞—Å–∫–∞–¥—ë—Ä—Å–∫–æ–µ –∏—Å–∫—É—Å—Å—Ç–≤–æ. –í–æ –≤—Ä–µ–º—è —Ä–∞–∑–≤–∏—Ç–∏—è –∏—Ö —ç–∫—Å—Ç—Ä–µ–º–∞–ª—å–Ω–æ–π –¥–µ—è—Ç–µ–ª—å–Ω–æ—Å—Ç–∏ —É –Ω–∏—Ö –ø–æ—è–≤–ª—è–ª–∏—Å—å –Ω–æ–≤—ã–µ –¥—Ä—É–∑—å—è, –∞ –ø–æ –ø—Ä–∏—Ö–æ–¥—É –≤ –∫–æ–ª–ª–µ–∫—Ç–∏–≤ —Ç–µ–∞—Ç—Ä–∞ –ø–æ–ø—É–ª—è—Ä–Ω–æ–≥–æ —Ü–∏—Ä–∫–æ–≤–æ–≥–æ –∞—Ä—Ç–∏—Å—Ç–∞ üé™ –ê–ª–µ–∫—Å–∞–Ω–¥—Ä–∞ –ó–µ–ª–µ–Ω–æ–≤–∞ —É–≤–µ–ª–∏—á–∏–ª—Å—è —Ä–µ–ø–µ—Ä—Ç—É–∞—Ä, –±–ª–∞–≥–æ–¥–∞—Ä—è –∫–æ—Ç–æ—Ä–æ–º—É –±—ã–ª —Å—Ñ–æ—Ä–º–∏—Ä–æ–≤–∞–Ω –Ω–æ–≤—ã–π –∫–∞—Å–∫–∞–¥—ë—Ä—Å–∫–∏–π —Ç–µ–∞—Ç—Ä ‚Äì ¬´–Ø—Ä—Ñ–∏–ª—å–º¬ª.







–° 2006 –≥. —Å–æ—Å—Ç–∞–≤ —Ç–µ–∞—Ç—Ä–∞ —É–≤–µ–ª–∏—á–∏–ª—Å—è —Å —á–µ—Ç—ã—Ä—ë—Ö –¥–æ —Ç—Ä–∏–¥—Ü–∞—Ç–∏ —á–µ–ª–æ–≤–µ–∫. –í —Ç—Ä—É–ø–ø—É –≤–æ—à–ª–∏ —Å–ø–æ—Ä—Ç—Å–º–µ–Ω—ã –∏ –∞—Ä—Ç–∏—Å—Ç—ã –≤—ã—Å–æ–∫–æ–≥–æ —É—Ä–æ–≤–Ω—è –∏ —Ä–∞–∑–Ω—ã—Ö –æ—Ç—Ä–∞—Å–ª–µ–π –¥–µ—è—Ç–µ–ª—å–Ω–æ—Å—Ç–∏ (–≤–æ—Å—Ç–æ—á–Ω—ã–µ –µ–¥–∏–Ω–æ–±–æ—Ä—Å—Ç–≤–∞, –∞–∫—Ä–æ–±–∞—Ç–∏–∫–∞, –±—Ä–µ–π–∫-–¥–∞–Ω—Å, —Å–ø–æ—Ä—Ç–∏–≤–Ω–∞—è –≥–∏–º–Ω–∞—Å—Ç–∏–∫–∞, –Ω–∞—Ä–æ–¥–Ω—ã–µ —Ç–∞–Ω—Ü—ã –∏ —Ç.–¥.), –∫–æ—Ç–æ—Ä—ã—Ö –æ–±—ä–µ–¥–∏–Ω—è–ª–æ —á—É–≤—Å—Ç–≤–æ –ª—é–±–≤–∏ –∫ —Ç–µ–∞—Ç—Ä—É üé≠ –∏ –∫–∏–Ω–æ. –°–µ–≥–æ–¥–Ω—è –∞–∫—Ç—ë—Ä—ã —ç—Ç–æ–≥–æ —Ç–µ–∞—Ç—Ä–∞ –∏–º–µ—é—Ç —Ç–µ–∞—Ç—Ä–∞–ª—å–Ω–æ–µ –æ–±—Ä–∞–∑–æ–≤–∞–Ω–∏–µ, –∞ —Å 2010 –≥–æ–¥–∞ –≤ –Ø–ì–¢–ò –æ—Ç–∫—Ä—ã–ª—Å—è —Ñ–∞–∫—É–ª—å—Ç–µ—Ç –∫–∞—Å–∫–∞–¥—ë—Ä—Å–∫–æ–≥–æ –º–∞—Å—Ç–µ—Ä—Å—Ç–≤–∞. –•—É–¥–æ–∂–µ—Å—Ç–≤–µ–Ω–Ω—ã–º —Ä—É–∫–æ–≤–æ–¥–∏—Ç–µ–ª–µ–º, –ø–æ—Å—Ç–∞–Ω–æ–≤—â–∏–∫–æ–º —Ç—Ä—é–∫–æ–≤ —è–≤–ª—è–µ—Ç—Å—è –í–∞—Å–∏–ª–∏–π –®–ª—ã–∫–æ–≤, –ø–æ–ø—É–ª—è—Ä–Ω—ã–π –∫–∞—Å–∫–∞–¥—ë—Ä –∏ –∞–∫—Ç—ë—Ä, –≤—Ö–æ–¥—è—â–∏–π –≤ —á–∏—Å–ª–æ –æ—Å–Ω–æ–≤–æ–ø–æ–ª–æ–∂–Ω–∏–∫–æ–≤ –ì–∏–ª—å–¥–∏–∏ –ö–∞—Å–∫–∞–¥—ë—Ä–æ–≤ –†–æ—Å—Å–∏–∏ ü•ã .







–ë–ª–∞–≥–æ–¥–∞—Ä—è —É—Å–∏–ª–µ–Ω–Ω–æ–π –ø–æ–¥–≥–æ—Ç–æ–≤–∫–µ –∞—Ä—Ç–∏—Å—Ç–æ–≤ —Ç–µ–∞—Ç—Ä–∞ –∫–∞—Å–∫–∞–¥—ë—Ä–æ–≤ –ø–æ–ø—É–ª—è—Ä–Ω–æ—Å—Ç—å —Ç–µ–∞—Ç—Ä–∞ —Ä–∞—Å—Ç—ë—Ç –µ–∂–µ–¥–Ω–µ–≤–Ω–æ: –∞–∫—Ç—ë—Ä—ã —Ç–µ–∞—Ç—Ä–∞ üé≠ —Å–æ–∑–¥–∞–ª–∏ –æ–∫–æ–ª–æ 20 —Å–ø–µ–∫—Ç–∞–∫–ª–µ–π, –∫–æ–Ω—Ü–µ—Ä—Ç–æ–≤ –∏ —à–æ—É. 




1 –∏–∑ 4





–ê—Ä—Ç–∏—Å—Ç–æ–≤ —Ç–µ–∞—Ç—Ä–∞ —á–∞—Å—Ç–æ –ø—Ä–∏–≥–ª–∞—à–∞—é—Ç –ø–æ–ø—É–ª—è—Ä–Ω—ã–µ —Ä–µ–∂–∏—Å—Å—ë—Ä—ã –¥–ª—è —Å—ä—ë–º–æ–∫ –≤ –∫–∏–Ω–æ (–±–æ–ª–µ–µ 200 –∫–∞—Ä—Ç–∏–Ω, –≤ –∫–æ—Ç–æ—Ä—ã—Ö –∞–∫—Ç—ë—Ä—ã —Å–Ω–∏–º–∞–ª–∏—Å—å üé¶ –≤ –∫–∞—á–µ—Å—Ç–≤–µ –∞–∫—Ç—ë—Ä–æ–≤, –∫–∞—Å–∫–∞–¥—ë—Ä–æ–≤, —Å–Ω–∏–º–∞–ª–∏—Å—å –≤ –≥–ª–∞–≤–Ω—ã—Ö —Ä–æ–ª—è—Ö), —Ç–∞–∫–∂–µ –æ–Ω–∏ —É—á–∞—Å—Ç–≤—É—é—Ç –≤ –∫–æ–Ω—Ü–µ—Ä—Ç–∞—Ö –∑–≤—ë–∑–¥, —Ç–µ–ª–µ—à–æ—É –Ω–∞ –≥–ª–∞–≤–Ω—ã—Ö –∫–∞–Ω–∞–ª–∞—Ö –∏ –≤ –¥—Ä—É–≥–∏—Ö –ø—Ä–µ–¥—Å—Ç–∞–≤–ª–µ–Ω–∏—è—Ö.




1 –∏–∑ 5





–ö—Ä–æ–º–µ —Å–ø–µ–∫—Ç–∞–∫–ª–µ–π, —Ç–µ–∞—Ç—Ä –ø—Ä–µ–¥–ª–∞–≥–∞–µ—Ç:üî∏ –û–≥–Ω–µ–Ω–Ω–æ - –ø–∏—Ä–æ—Ç–µ—Ö–Ω–∏—á–µ—Å–∫–æ–µ —à–æ—É;üî∏ –ü–∏—Ä–æ–º—É–∑—ã–∫–∞–ª—å–Ω—ã–µ —Å–∞–ª—é—Ç—ã;üî∏ –ü–∏—Ä–æ—Ç–µ—Ö–Ω–∏—á–µ—Å–∫–æ–µ –æ—Ñ–æ—Ä–º–ª–µ–Ω–∏–µ;üî∏ –û–≥–Ω–µ–Ω–Ω—ã–µ- –ü–∏—Ä–æ—Ç–µ—Ö–Ω–∏—á–µ—Å–∫–∏–µ –Ω–∞–¥–ø–∏—Å–∏;üî∏ –ù–µ–æ–Ω–æ–≤–æ–µ —à–æ—É, —Å–≤–µ—Ç–æ–≤–æ–µ —à–æ—É;üî∏ –¶–∏—Ä–∫–æ–≤—ã–µ, –û—Ä–∏–≥–∏–Ω–∞–ª—å–Ω—ã–µ –Ω–æ–º–µ—Ä–∞;üî∏ –¢–∞–Ω—Ü–µ–≤–∞–ª—å–Ω—ã–µ –Ω–æ–º–µ—Ä–∞;üî∏ –ê–Ω–∏–º–∞—Ü–∏—è;üî∏ –°–∏–ª–æ–≤–æ–µ —à–æ—É;üî∏ –°–Ω–µ–π–∫ —à–æ—É (–†–∞–±–æ—Ç–∞ —Å–æ –∑–º–µ—è–º–∏).




1 –∏–∑ 3





üß≠ –ì–¥–µ: –≥. –Ø—Ä–æ—Å–ª–∞–≤–ª—å, –ø—Ä-—Ç –õ–µ–Ω–∏–Ω–∞, 24–∞ (–î–ö - –ò–º. –î–æ–±—Ä—ã–Ω–∏–Ω–∞)‚åõ –ö–æ–≥–¥–∞: –∏–Ω—Ñ–æ—Ä–º–∞—Ü–∏—è –ø–æ üìû‚òé –ö–æ–Ω—Ç–∞–∫—Ç—ã: +7 (903) 646-74-67; +7-961-974-37-61; +7 (915) 970-35-06üíª –°–∞–π—Ç: https://www.yarfilm.com/




1 –∏–∑ 12




–®–∫–æ–ª–∞ –∫–∞—Å–∫–∞–¥–µ—Ä–æ–≤
172 –ø—Ä–æ—Å–º–æ—Ç—Ä–∞¬∑4 –ø–æ–¥–µ–ª–∏–ª–∏—Å—å 





","–£–ß–ï–ë–ù–´–ô –¢–ï–ê–¢–† –Ø–ì–¢–ò–ê—Ñ–∏—à–∞ –Ø—Ä–æ—Å–ª–∞–≤–ª—å | –Ø–≤–∫—É—Ä—Å–µ | –í—Å–µ –º–µ—Ä–æ–ø—Ä–∏—è—Ç–∏—è¬∑19 –∏—é–ª –≤ 15:47–£—á–µ–±–Ω—ã–π —Ç–µ–∞—Ç—Ä –Ø–ì–¢–ò ‚Äï–ø–µ—Ä–≤–∞—è –ø—Ä–æ—Ñ–µ—Å—Å–∏–æ–Ω–∞–ª—å–Ω–∞—è —Å—Ü–µ–Ω–∞, –Ω–∞ –∫–æ—Ç–æ—Ä–æ–π —Ä–∞—Å–∫—Ä—ã–≤–∞—é—Ç —Å–≤–æ–∏ —Å–ø–æ—Å–æ–±–Ω–æ—Å—Ç–∏ –±—É–¥—É—â–∏–µ –∞–∫—Ç–µ—Ä—ã. –ó–¥–µ—Å—å –∏ –ø–µ—Ä–≤–∞—è —Ä–æ–ª—å, –∏ –ø–µ—Ä–≤—ã–π —É—Å–ø–µ—Ö, –∏ –ø–µ—Ä–≤–æ–µ –∑—Ä–∏—Ç–µ–ª—å—Å–∫–æ–µ –ø—Ä–∏–∑–Ω–∞–Ω–∏–µ. –ï–∂–µ–≥–æ–¥–Ω–æ –Ω–∞ —Å—Ü–µ–Ω–µ –£—á–µ–±–Ω–æ–≥–æ üé≠ —Ç–µ–∞—Ç—Ä–∞ –≤—ã–ø—É—Å–∫–∞—é—Ç—Å—è —Å–ø–µ–∫—Ç–∞–∫–ª–∏, –∫–æ—Ç–æ—Ä—ã–µ —Å—Ç–∞–Ω–æ–≤—è—Ç—Å—è —è—Ä–∫–∏–º–∏ —Å–æ–±—ã—Ç–∏—è–º–∏ –≤ —Ç–µ–∞—Ç—Ä–∞–ª—å–Ω–æ–π –∂–∏–∑–Ω–∏ –Ø—Ä–æ—Å–ª–∞–≤–ª—è üåá 







 –¢–µ–∞—Ç—Ä, –æ—Å–Ω–∞—â–µ–Ω–Ω—ã–π —Å–æ–≤—Ä–µ–º–µ–Ω–Ω–æ–π –∑–≤—É–∫–æ–≤–æ–π üéõ –∏ —Å–≤–µ—Ç–æ–≤–æ–π –∞–ø–ø–∞—Ä–∞—Ç—É—Ä–æ–π, —Å—Ç–∞–ª —Å–∞–º–æ–π —Å–æ–≤—Ä–µ–º–µ–Ω–Ω–æ–π –∫–∞–º–µ—Ä–Ω–æ–π —Ç–µ–∞—Ç—Ä–∞–ª—å–Ω–æ–π —Å—Ü–µ–Ω–æ–π –Ø—Ä–æ—Å–ª–∞–≤–ª—è.







–Ø—Ä–æ—Å–ª–∞–≤—Å–∫–∏–π –≥–æ—Å—É–¥–∞—Ä—Å—Ç–≤–µ–Ω–Ω—ã–π —Ç–µ–∞—Ç—Ä–∞–ª—å–Ω—ã–π –∏–Ω—Å—Ç–∏—Ç—É—Ç —Å—É—â–µ—Å—Ç–≤—É–µ—Ç –≤ –Ø—Ä–æ—Å–ª–∞–≤–ª–µ —É–∂–µ —Å–æ—Ä–æ–∫ –ª–µ—Ç. –ò–∑–Ω–∞—á–∞–ª—å–Ω–æ –±—ã–ª —É—á–∏–ª–∏—â–µ–º –ø—Ä–∏ —Ç–µ–∞—Ç—Ä–µ üè£ –∏–º. –í–æ–ª–∫–æ–≤–∞, –ø–æ—Ç–æ–º —Å—Ç–∞–ª –∏–Ω—Å—Ç–∏—Ç—É—Ç–æ–º - —Ö–æ—Ä–æ—à–æ –∏–∑–≤–µ—Å—Ç–Ω–æ–π –≤ –†–æ—Å—Å–∏–∏ —Ç–µ–∞—Ç—Ä–∞–ª—å–Ω–æ–π —à–∫–æ–ª–æ–π. 







–î–∏–ø–ª–æ–º–Ω—ã–µ –ø–æ—Å—Ç–∞–Ω–æ–≤–∫–∏ —Å—Ç—É–¥–µ–Ω—Ç—ã –ø—Ä–µ–¥—Å—Ç–∞–≤–ª—è—é—Ç –Ω–∞ —Å–∫—Ä–æ–º–Ω–æ–π, –æ–¥–Ω–∞–∫–æ –≥–æ—Ä—è—á–æ –ª—é–±–∏–º–æ–π –≥–æ—Ä–æ–∂–∞–Ω–∞–º–∏ —Å—Ü–µ–Ω–µ –£—á–µ–±–Ω–æ–≥–æ —Ç–µ–∞—Ç—Ä–∞ üé≠. –£—á–µ–±–Ω—ã–π —Ç–µ–∞—Ç—Ä –Ω–µ –æ–±–ª–∞–¥–∞–µ—Ç –ø–æ—Å—Ç–æ—è–Ω–Ω–æ–π —Ç—Ä—É–ø–ø–æ–π, –∞ —Ä–µ–ø–µ—Ä—Ç—É–∞—Ä –∫–∞–∂–¥—ã–π –≥–æ–¥ –∑–∞–º–µ–Ω—è—Ç—Å—è –ø—Ä–∞–∫—Ç–∏—á–µ—Å–∫–∏ –ø–æ–ª–Ω–æ—Å—Ç—å—é.







 –¢–µ–∞—Ç—Ä –ø—Ä–µ–¥—Å—Ç–∞–≤–ª—è–µ—Ç –∫—É–∫–æ–ª—å–Ω—ã–µ üë∫ —Å–ø–µ–∫—Ç–∞–∫–ª–∏, –¥—Ä–∞–º–∞—Ç–∏—á–µ—Å–∫–∏–µ –ø–æ—Å—Ç–∞–Ω–æ–≤–∫–∏, –º—É–∑—ã–∫–∞–ª—å–Ω–æ-–¥—Ä–∞–º–∞—Ç–∏—á–µ—Å–∫–∏–µ, –∞ —Ç–∞–∫–∂–µ –∏ —ç—Å—Ç—Ä–∞–¥–Ω—ã–µ. –ù–∞ —Å—Ü–µ–Ω–µ —Ç–µ–∞—Ç—Ä–∞ –µ—Å—Ç—å –≤–æ–∑–º–æ–∂–Ω–æ—Å—Ç—å —É–≤–∏–¥–µ—Ç—å –ø—Ä–æ–∏–∑–≤–µ–¥–µ–Ω–∏—è –º–∞–ª–æ –∏–∑–≤–µ—Å—Ç–Ω—ã—Ö –∞–≤—Ç–æ—Ä–æ–≤ –∏ –ø–æ—Å—Ç–∞–Ω–æ–≤–∫–∏ —Å–∞–º—ã—Ö –∑–Ω–∞–º–µ–Ω–∏—Ç—ã—Ö –∫–ª–∞—Å—Å–∏—á–µ—Å–∫–∏—Ö –ø—Ä–æ–∏–∑–≤–µ–¥–µ–Ω–∏–π.







–° –ø–µ—Ä–∏–æ–¥–∏—á–Ω–æ—Å—Ç—å—é —á–µ—Ä–µ–∑ –≥–æ–¥ (—á—ë—Ç–Ω—ã–µ –≥–æ–¥–∞), –≤–µ—Å–Ω–æ–π, —Ç–µ–∞—Ç—Ä üé≠ –ø—Ä–µ–≤—Ä–∞—â–∞–µ—Ç—Å—è –≤ –∞—Ä–µ–Ω—É –≤—Å—Ç—Ä–µ—á –±—É–¥—É—â–∏—Ö —Ç–µ–∞—Ç—Ä–∞–ª—å–Ω—ã—Ö —Ç–∞–ª–∞–Ω—Ç–æ–≤ –†–æ—Å—Å–∏–∏: –Ω–∞ —Å—Ü–µ–Ω—É –≤—Å—Ç—É–ø–∞–µ—Ç —Ñ–µ—Å—Ç–∏–≤–∞–ª—å üèÜ –ø–æ–¥ –Ω–∞–∑–≤–∞–Ω–∏–µ–º ¬´–ü–æ–¥–∏—É–º¬ª, —Å–æ–±–∏—Ä–∞—é—â–∏–π –≤—Å–µ —Ç–µ–∞—Ç—Ä–∞–ª—å–Ω—ã–µ –í–£–ó—ã –∏ –æ—Ç–¥–µ–ª–µ–Ω–∏—è –†–æ—Å—Å–∏–∏, –∫–æ—Ç–æ—Ä—ã–µ –ø—Ä–µ–¥—Å—Ç–∞–≤—è—Ç –ª—É—á—à–∏–µ –∞–≤—Ç–æ—Ä—Å–∫–∏–µ —Å–ø–µ–∫—Ç–∞–∫–ª–∏.







üß≠ –ì–¥–µ: –≥. –Ø—Ä–æ—Å–ª–∞–≤–ª—å, —É–ª. –î–µ–ø—É—Ç–∞—Ç—Å–∫–∞—è, 15/43‚åõ –ö–æ–≥–¥–∞: –ø–Ω-–ø—Ç 11:00‚Äì16:00‚òé –ö–æ–Ω—Ç–∞–∫—Ç—ã: +7 (4852) 30-41-89üíª –°–∞–π—Ç: http://www.theatrins-yar.ru/afisha/







173 –ø—Ä–æ—Å–º–æ—Ç—Ä–∞¬∑2 –ø–æ–¥–µ–ª–∏–ª–∏—Å—å 





","–°–¢–£–î–ò–Ø –ö–£–ö–û–õ ""–ï–ñ–ò–ö–ò¬ª–ê—Ñ–∏—à–∞ –Ø—Ä–æ—Å–ª–∞–≤–ª—å | –Ø–≤–∫—É—Ä—Å–µ | –í—Å–µ –º–µ—Ä–æ–ø—Ä–∏—è—Ç–∏—è¬∑14 –∏—é–ª –≤ 16:09–°—Ç—É–¥–∏—è –∫—É–∫–æ–ª ¬´–Å–ñ–ò–ö–ò¬ª ü¶î ü¶î ‚Äî —Ç–µ–∞—Ç—Ä–∞–ª—å–Ω–∞—è –º–∞—Å—Ç–µ—Ä—Å–∫–∞—è (—Ç–µ–∞—Ç—Ä –∫—É–∫–æ–ª) –¥–ª—è –¥–µ—Ç–µ–π –∏ –≤–∑—Ä–æ—Å–ª—ã—Ö. –ü—Ä–µ–¥—Å—Ç–∞–≤–ª—è—é—Ç —Å—Ç—É–¥–∏—é –¥–≤–∞ –∞–∫—Ç—ë—Ä–∞: –ó–∞—Å–ª—É–∂–µ–Ω–Ω—ã–π –∞—Ä—Ç–∏—Å—Ç –†–§ –Ø—Ä–æ—Å–ª–∞–≤ –£–∑–µ–Ω—é–∫ –∏ –∞—Ä—Ç–∏—Å—Ç –î–∞–Ω–∏–ª –ú–æ—Ä–æ–∑–æ–≤.




1 –∏–∑ 2




–Ø—Ä–æ—Å–ª–∞–≤ –£–∑–µ–Ω—é–∫ –∏ –î–∞–Ω–∏–ª –ú–æ—Ä–æ–∑–æ–≤
–í –∑–∞–ª–µ, —Ä–∞—Å—Å—á–∏—Ç–∞–Ω–Ω–æ–º –Ω–∞ 50 —á–µ–ª–æ–≤–µ–∫, –æ–Ω–∏ —Å—Ç–∞–≤—è—Ç —Å–ø–µ–∫—Ç–∞–∫–ª–∏ üé≠ –ø–æ –æ—Ä–∏–≥–∏–Ω–∞–ª—å–Ω—ã–º –ø—å–µ—Å–∞–º: ¬´–ü–µ—Ç—Ä—É—à–∫–∏–Ω—ã –∏—Å—Ç–æ—Ä–∏–∏¬ª, ¬´–°–≤–∏—Å—Ç–∞—Ç—å –≤—Å–µ—Ö –Ω–∞ –≤–µ—Ä—Ö¬ª, ¬´–ö–∞–∫ –≤–∞–ª–µ–Ω–∫–∏ –∑–µ–º–ª—é –≥—Ä–µ–ª–∏¬ª, ¬´–ú—ã —à–∞–≥–∞–µ–º –ø–æ –ø–ª–∞–Ω–µ—Ç–µ¬ª üåê, ¬´–ò–ª—å—è –ú—É—Ä–æ–º–µ—Ü¬ª –∏ –º–Ω–æ–≥–æ–µ –¥—Ä—É–≥–æ–µ.




1 –∏–∑ 4





–ê –≤ –Ω–µ–∫–æ—Ç–æ—Ä—ã—Ö —Å–ø–µ–∫—Ç–∞–∫–ª—è—Ö —Å–∫–∞–∑–æ—á–Ω—ã–µ –∏—Å—Ç–æ—Ä–∏–∏ –∞—Ä—Ç–∏—Å—Ç–∞–º –ø–æ–º–æ–≥–∞—é—Ç —Ä–∞–∑—ã–≥—Ä—ã–≤–∞—Ç—å –∑—Ä–∏—Ç–µ–ª–∏-–¥–µ—Ç–∏ üë®‚Äçüë©‚Äçüëß‚Äçüë¶, –∏ –æ—Ç —ç—Ç–æ–≥–æ –æ–±—Å—Ç–∞–Ω–æ–≤–∫–∞ –∏ –≤–æ–≤—Å–µ –Ω–∞—á–∏–Ω–∞–µ—Ç –Ω–∞–ø–æ–º–∏–Ω–∞—Ç—å –¥–æ–º–∞—à–Ω–∏–µ —Å–µ–º–µ–π–Ω—ã–µ –ø—Ä–µ–¥—Å—Ç–∞–≤–ª–µ–Ω–∏—è. 







–í —Å—Ç—É–¥–∏–∏ –ø—Ä–æ–≤–æ–¥—è—Ç—Å—è –º–∞—Å—Ç–µ—Ä-–∫–ª–∞—Å—Å—ã –¥–ª—è –¥–µ—Ç–µ–π –∏ —Ä–æ–¥–∏—Ç–µ–ª–µ–π –ø–æ –∏–∑–≥–æ—Ç–æ–≤–ª–µ–Ω–∏—é –∫—É–∫–æ–ª –∏ –∏–≥—Ä—É—à–µ–∫. –ü—Ä–æ–≤–æ–¥—è—Ç –∏—Ö —Ö—É–¥–æ–∂–Ω–∏–∫–∏ üë©‚Äçüé® , –Ω–∞—Å—Ç–æ—è—â–∏–µ –º–∞—Å—Ç–µ—Ä–∞ —Å–≤–æ–µ–≥–æ –¥–µ–ª–∞.




1 –∏–∑ 3




–ú–∞—Å—Ç–µ—Ä-–∫–ª–∞—Å—Å ""–ù–∞—Ä–æ–¥–Ω—ã–µ –∫—É–∫–ª—ã-–æ–±–µ—Ä–µ–≥–∏¬ª. –ü—Ä–æ–≤–æ–¥–∏—Ç –∞–∫—Ç—Ä–∏—Å–∞ –∏ —Ö—É–¥–æ–∂–Ω–∏–∫ –°—Ç–∞—Ä–æ—á–∫–∏–Ω–∞ –¢–∞—Ç—å—è–Ω–∞.
–î–ª—è –¥–µ—Ç–µ–π –æ—Ä–≥–∞–Ω–∏–∑—É—é—Ç—Å—è –ø—Ä–∞–∑–¥–Ω–∏–∫–∏ ü•≥ , –∏–Ω—Ç–µ—Ä–∞–∫—Ç–∏–≤–Ω—ã–µ —ç–∫—Å–∫—É—Ä—Å–∏–∏, —á–∞–µ–ø–∏—Ç–∏—è ‚òï –∏ –¥–∞–∂–µ –¥–∏—Å–∫–æ—Ç–µ–∫–∏.







üß≠ –ì–¥–µ: –≥. –Ø—Ä–æ—Å–ª–∞–≤–ª—å, —É–ª. –°–≤–æ–±–æ–¥—ã, –¥. 56/35‚åõ –ö–æ–≥–¥–∞: –∏–Ω—Ñ–æ—Ä–º–∞—Ü–∏—è –ø–æ üìû‚òé –ö–æ–Ω—Ç–∞–∫—Ç—ã: +7 (910) 965 75 75üíª –°–∞–π—Ç: https://kukly-egiki.ru/üí∞ –ë–∏–ª–µ—Ç—ã: 250 —Ä—É–±.




1 –∏–∑ 4





130 –ø—Ä–æ—Å–º–æ—Ç—Ä–æ–≤¬∑4 –ø–æ–¥–µ–ª–∏–ª–∏—Å—å 





","–Ø—Ä–æ—Å–ª–∞–≤—Å–∫–∏–π –ö–∞–º–µ—Ä–Ω—ã–π –¢–µ–∞—Ç—Ä –ø–æ–¥ —Ä—É–∫–æ–≤–æ–¥—Å—Ç–≤–æ–º –í. –í–æ—Ä–æ–Ω—Ü–æ–≤–∞–ê—Ñ–∏—à–∞ –Ø—Ä–æ—Å–ª–∞–≤–ª—å | –Ø–≤–∫—É—Ä—Å–µ | –í—Å–µ –º–µ—Ä–æ–ø—Ä–∏—è—Ç–∏—è¬∑14 –∏—é–ª –≤ 11:18–Ø—Ä–æ—Å–ª–∞–≤—Å–∫–∏–π –∫–∞–º–µ—Ä–Ω—ã–π —Ç–µ–∞—Ç—Ä üé≠ –ø–æ–¥ —Ä—É–∫–æ–≤–æ–¥—Å—Ç–≤–æ–º –í–ª–∞–¥–∏–º–∏—Ä–∞ –í–æ—Ä–æ–Ω—Ü–æ–≤–∞ –ø–æ—è–≤–∏–ª—Å—è –≤ –º–∞—Ä—Ç–µ 1999 –≥–æ–¥–∞. –ü–æ—Å—Ç–∞–Ω–æ–≤–∫–∏ –ø—Ä–æ—Ö–æ–¥—è—Ç –≤ –∑–¥–∞–Ω–∏–∏ –≥–∞–ª–µ—Ä–µ–∏ —Å–æ–≤—Ä–µ–º–µ–Ω–Ω–æ–≥–æ –∏—Å–∫—É—Å—Å—Ç–≤–∞ ¬´–ê—Ä—Å-—Ñ–æ—Ä—É–º¬ª, –≥–¥–µ –¥–ª—è –Ω–∏—Ö –æ—Ç–≤–µ–¥—ë–Ω –Ω–µ–±–æ–ª—å—à–æ–π –∑–∞–ª (100 –º–µ—Å—Ç).




1 –∏–∑ 5





–ò—Å—Ç–æ—Ä–∏—è –≤–æ–∑–Ω–∏–∫–Ω–æ–≤–µ–Ω–∏—è —Ç–µ–∞—Ç—Ä–∞ –æ—á–µ–Ω—å –Ω–µ–æ–±—ã—á–Ω–∞. –í 1999 –≥–æ–¥—É –≤ –Ø—Ä–æ—Å–ª–∞–≤–ª–µ üåÜ –∞–∫—Ç—ë—Ä –∏ –±–∏–∑–Ω–µ—Å–º–µ–Ω –Æ—Ä–∏–π –í–∞–∫—Å–º–∞–Ω, –∞–∫—Ç—ë—Ä –Ø—Ä–æ—Å–ª–∞–≤—Å–∫–æ–≥–æ –¢–Æ–ó–∞ –í–ª–∞–¥–∏–º–∏—Ä –ì—É—Å–µ–≤ –∏ —Ä–µ–∂–∏—Å—Å—ë—Ä –∏ –ø–µ–¥–∞–≥–æ–≥ –í–ª–∞–¥–∏–º–∏—Ä –í–æ—Ä–æ–Ω—Ü–æ–≤ –ø–æ—Å—Ç–∞–≤–∏–ª–∏ –ø—å–µ—Å—É –∞–º–µ—Ä–∏–∫–∞–Ω—Å–∫–æ–≥–æ –¥—Ä–∞–º–∞—Ç—É—Ä–≥–∞ –ü–∏—Ç–µ—Ä–∞ –°—É—ç—Ç–∞ ¬´–ò–Ω—Ç–µ—Ä–≤—å—é¬ª üé§. 




1 –∏–∑ 4




–°–ø–µ–∫—Ç–∞–∫–ª—å ¬´–ò–Ω—Ç–µ—Ä–≤—å—é¬ª
–ò–∑-–∑–∞ –æ—Ç—Å—É—Ç—Å—Ç–≤–∏—è —Å–ø–µ—Ü–∏–∞–ª—å–Ω–æ–≥–æ –ø–æ–º–µ—â–µ–Ω–∏—è —Ä–µ–ø–µ—Ç–∏—Ä–æ–≤–∞—Ç—å –ø—Ä–∏—Ö–æ–¥–∏–ª–æ—Å—å –≤ –Ω–µ—Ä–∞–±–æ—á–µ–µ –≤—Ä–µ–º—è –≤ –∫–∞—Ñ–µ ¬´–ê–∫—Ç—ë—Ä¬ª, –∫–æ—Ç–æ—Ä–æ–µ –ø—Ä–∏–Ω–∞–¥–ª–µ–∂–∞–ª–æ –Æ—Ä–∏—é –í–∞–∫—Å–º–∞–Ω—É. –°–ø–µ–∫—Ç–∞–∫–ª—å –∏–º–µ–ª —É—Å–ø–µ—Ö –≤ –Ø—Ä–æ—Å–ª–∞–≤–ª–µ, –∞ –≤ 2000 –≥–æ–¥—É, –ø–æ–∫–∞–∑–∞–Ω–Ω—ã–π –≤–Ω–µ –∫–æ–Ω–∫—É—Ä—Å–Ω–æ–π –ø—Ä–æ–≥—Ä–∞–º–º—ã, –±—ã–ª —É–¥–æ—Å—Ç–æ–µ–Ω –•—Ä—É—Å—Ç–∞–ª—å–Ω–æ–≥–æ –∫—É–±–∫–∞ üèÜ IV –ú–æ—Å–∫–æ–≤—Å–∫–æ–≥–æ –ú–µ–∂–¥—É–Ω–∞—Ä–æ–¥–Ω–æ–≥–æ —Ç–µ–∞—Ç—Ä–∞–ª—å–Ω–æ-—Ç–µ–ª–µ–≤–∏–∑–∏–æ–Ω–Ω–æ–≥–æ —Ñ–µ—Å—Ç–∏–≤–∞–ª—è ¬´–ê—Ä—Ç–∏—Å—Ç –∫–æ–Ω—Ü–∞ XX –≤–µ–∫–∞¬ª –≤ —á–µ—Ç—ã—Ä—ë—Ö –Ω–æ–º–∏–Ω–∞—Ü–∏—è—Ö. –í 2006 –≥–æ–¥—É —Å–ø–µ–∫—Ç–∞–∫–ª—å ¬´–î–æ–Ω –ö–∏—Ö–æ—Ç ‚Äî –≤–µ—Ä—Å–∏—è —É–º–∞–ª–∏—à–µ–Ω–Ω—ã—Ö¬ª –±—ã–ª –ø—Ä–∏–∑–Ω–∞–Ω –ª—É—á—à–∏–º –Ω–∞ –º–µ–∂–¥—É–Ω–∞—Ä–æ–¥–Ω—ã–π —Ç–µ–∞—Ç—Ä–∞–ª—å–Ω–æ–º —Ñ–µ—Å—Ç–∏–≤–∞–ª–µ ¬´–û—Ç–∫—Ä—ã—Ç–æ–µ –ø—Ä–æ—Å—Ç—Ä–∞–Ω—Å—Ç–≤–æ —Ç–µ–∞—Ç—Ä–æ–≤¬ª.






–°–ø–µ–∫—Ç–∞–∫–ª—å ""–î–æ–Ω –ö–∏—Ö–æ—Ç. –í–µ—Ä—Å–∏—è —É–º–∞–ª–∏—à–µ–Ω–Ω—ã—Ö¬ª
–í –∏—Ç–æ–≥–µ –ø–æ—è–≤–∏–ª—Å—è –ö–∞–º–µ—Ä–Ω—ã–π —Ç–µ–∞—Ç—Ä üé≠ : —Ä–µ–∂–∏—Å—Å–µ—Ä ""–ò–Ω—Ç–µ—Ä–≤—å—é"" –í–ª–∞–¥–∏–º–∏—Ä –í–æ—Ä–æ–Ω—Ü–æ–≤ —Å—Ç–∞–ª –µ–≥–æ —Ö—É–¥–æ–∂–µ—Å—Ç–≤–µ–Ω–Ω—ã–º —Ä—É–∫–æ–≤–æ–¥–∏—Ç–µ–ª–µ–º, –Æ—Ä–∏–π –í–∞–∫—Å–º–∞–Ω ‚Äì –¥–∏—Ä–µ–∫—Ç–æ—Ä–æ–º, –∞ –í–ª–∞–¥–∏–º–∏—Ä –ì—É—Å–µ–≤ –≤–æ—à–µ–ª –≤ –æ—Å–Ω–æ–≤–Ω–æ–π —Å–æ—Å—Ç–∞–≤ —Ç—Ä—É–ø–ø—ã. –í—Å–∫–æ—Ä–µ —É —Ç–µ–∞—Ç—Ä–∞ –ø–æ—è–≤–∏–ª–∞—Å—å —Å–æ–±—Å—Ç–≤–µ–Ω–Ω–∞—è —Å—Ü–µ–Ω–∞ ‚Äî –∑–¥–∞–Ω–∏–µ –±—ã–≤—à–µ–≥–æ –∫–∏–Ω–æ—Ç–µ–∞—Ç—Ä–∞ ¬´–ê—Ä—Å¬ª üè£ .




1 –∏–∑ 2




–°–ø–µ–∫—Ç–∞–∫–ª—å ""–õ—é–±–æ?...–î–æ—Ä–æ–≥–æ!¬ª
–ó–∞ –≤—Ä–µ–º—è —Å—É—â–µ—Å—Ç–≤–æ–≤–∞–Ω–∏—è —Ç–µ–∞—Ç—Ä–∞ üé≠ –∏–º –±—ã–ª–æ –ø—Ä–æ–≤–µ–¥–µ–Ω–æ 4 –º–µ–∂–¥—É–Ω–∞—Ä–æ–¥–Ω—ã—Ö —Ç–µ–∞—Ç—Ä–∞–ª—å–Ω—ã—Ö —Ñ–µ—Å—Ç–∏–≤–∞–ª—è (–≤ —Ç–æ–º —á–∏—Å–ª–µ —Ñ–µ—Å—Ç–∏–≤–∞–ª—å ¬´–ó–æ–ª–æ—Ç–∞—è –∫—Ä—ã—à–∞¬ª), –≤ –∫–æ—Ç–æ—Ä—ã—Ö –ø—Ä–∏–Ω—è–ª–∏ —É—á–∞—Å—Ç–∏–µ –±–æ–ª–µ–µ 30 –ø—Ä–æ—Ñ–µ—Å—Å–∏–æ–Ω–∞–ª—å–Ω—ã—Ö —Ç–µ–∞—Ç—Ä–æ–≤. –¢–µ–∞—Ç—Ä –≥–∞—Å—Ç—Ä–æ–ª–∏—Ä—É–µ—Ç –≤ –°–∞–Ω–∫—Ç-–ü–µ—Ç–µ—Ä–±—É—Ä–≥–µ –∏ –ú–æ—Å–∫–≤–µ, –∞ —Ç–∞–∫–∂–µ –∑–∞ —Ä—É–±–µ–∂–æ–º üåê .






–ì–∞—Å—Ç—Ä–æ–ª–∏ –≤ –°–µ—Ä–±–∏—é
üß≠ –ì–¥–µ: –≥. –Ø—Ä–æ—Å–ª–∞–≤–ª—å, —É–ª. –°–≤–µ—Ä–¥–ª–æ–≤–∞, –¥. 9‚åõ –ö–æ–≥–¥–∞: –µ–∂–µ–¥–Ω–µ–≤–Ω–æ, 12:00‚Äì19:00‚òé –ö–æ–Ω—Ç–∞–∫—Ç—ã: +7 4852 30-56-45, +7 4852 28-56-45, +7 4852 72-92-74üí∞ –°—Ç–æ–∏–º–æ—Å—Ç—å: —É—Ç–æ—á–Ω–∏—Ç—å –ø–æ üìû






–°–ø–µ–∫—Ç–∞–∫–ª—å ¬´–¢–∞–∫ —Ö–æ—Ä–æ—à–æ –∏ –¥–Ω–µ–º –∏ –Ω–æ—á—å—é¬ª
119 –ø—Ä–æ—Å–º–æ—Ç—Ä–æ–≤¬∑4 –ø–æ–¥–µ–ª–∏–ª–∏—Å—å 





","–Ø—Ä–æ—Å–ª–∞–≤—Å–∫–∏–π –ì–æ—Å—É–¥–∞—Ä—Å—Ç–≤–µ–Ω–Ω—ã–π –¢–µ–∞—Ç—Ä –ö—É–∫–æ–ª–ê—Ñ–∏—à–∞ –Ø—Ä–æ—Å–ª–∞–≤–ª—å | –Ø–≤–∫—É—Ä—Å–µ | –í—Å–µ –º–µ—Ä–æ–ø—Ä–∏—è—Ç–∏—è¬∑12 –∏—é–ª –≤ 14:13–Ø—Ä–æ—Å–ª–∞–≤—Å–∫–∏–π —Ç–µ–∞—Ç—Ä –∫—É–∫–æ–ª üé≠ —Å–æ–∑–¥–∞–Ω —Ç–µ–∞—Ç—Ä–∞–ª—å–Ω—ã–º —Ä–µ–∂–∏—Å—Å–µ—Ä–æ–º –∏ –ø–µ–¥–∞–≥–æ–≥–æ–º –ú–∞—Ä–∏–µ–π –°–ª–æ–±–æ–¥—Å–∫–æ–π 1 –º–∞—Ä—Ç–∞ 1927 –≥–æ–¥–∞, –∏ —è–≤–ª—è–µ—Ç—Å—è –æ–¥–Ω–∏–º –∏–∑ —Å—Ç–∞—Ä–µ–π—à–∏—Ö –¥–µ—Ç—Å–∫–∏—Ö —Ç–µ–∞—Ç—Ä–æ–≤ –†–æ—Å—Å–∏–∏. –ê —Ä–∞—Å–ø–æ–ª–æ–∂–µ–Ω –æ–Ω –Ω–∞ –æ–¥–Ω–æ–π –∏–∑ —Å–∞–º—ã—Ö –º–æ–ª–æ–¥—ã—Ö –ø–ª–æ—â–∞–¥–µ–π –≥–æ—Ä–æ–¥–∞ - –ø–ª–æ—â–∞–¥–∏ –Æ–Ω–æ—Å—Ç–∏ –≤ –æ–¥–Ω–æ–º –∑–¥–∞–Ω–∏–∏ —Å –¢–µ–∞—Ç—Ä–æ–º —é–Ω–æ–≥–æ –∑—Ä–∏—Ç–µ–ª—è.







–¢–µ–∞—Ç—Ä —Å—Ç–∞–≤–∏—Ç –ø—å–µ—Å—ã —Ä–∞–∑–Ω—ã—Ö –∂–∞–Ω—Ä–æ–≤ –∏ —Ç–µ–∞—Ç—Ä–∞–ª—å–Ω—ã—Ö —Ñ–æ—Ä–º. –í –∞—Ñ–∏—à–µ üìú —Ç–µ–∞—Ç—Ä–∞ –±–æ–ª–µ–µ –¥–≤–∞–¥—Ü–∞—Ç–∏ —Å–ø–µ–∫—Ç–∞–∫–ª–µ–π –¥–ª—è –¥–µ—Ç–µ–π —Å–∞–º–æ–≥–æ —Ä–∞–∑–Ω–æ–≥–æ –≤–æ–∑—Ä–∞—Å—Ç–∞.







–ê–≤—Ç–æ—Ä–∞–º–∏ —Å–∫–∞–∑–æ–∫, –ø–æ –∫–æ—Ç–æ—Ä—ã–º –∏–¥—É—Ç –ø–æ—Å—Ç–∞–Ω–æ–≤–∫–∏, —è–≤–∏–ª–∏—Å—å –ê. –°. –ü—É—à–∫–∏–Ω, –û. –£–∞–π–ª—å–¥, –ì. –•. –ê–Ω–¥–µ—Ä—Å–µ–Ω üßö‚Äç‚ôÄÔ∏è , –ê. –ü–æ–≥–æ—Ä–µ–ª—å—Å–∫–∏–π –∏ –¥—Ä—É–≥–∏–µ –ø–æ–ø—É–ª—è—Ä–Ω—ã–µ –∞–≤—Ç–æ—Ä—ã. –ö—É–∫–æ–ª—å–Ω–∏–∫–∏ –¥–∞—é—Ç —Å–ø–µ–∫—Ç–∞–∫–ª–∏ –∫–∞–∫ –≤ —É—é—Ç–Ω–æ–º –∑–∞–ª–µ –Ω–∞ –º–∞–ª–µ–Ω—å–∫–æ–π —Å—Ü–µ–Ω–µ, —Ç–∞–∫ –∏ ""–ù–∞ –∑–æ–ª–æ—Ç–æ–º –∫—Ä—ã–ª—å—Ü–µ"", –≥–¥–µ —É –¥–µ—Ç–µ–π üë®‚Äçüë©‚Äçüëß‚Äçüë¶ –ø–æ—è–≤–ª—è–µ—Ç—Å—è –≤–æ–∑–º–æ–∂–Ω–æ—Å—Ç—å –ø–æ–±—ã—Ç—å –≤ —Ç–µ—Å–Ω–æ–º –∫–æ–Ω—Ç–∞–∫—Ç–µ —Å –∫—É–∫–ª–∞–º–∏.




1 –∏–∑ 3




¬´–ö—Ä–∞—Å–Ω–∞—è —à–∞–ø–æ—á–∫–∞¬ª
–¢–µ–∞—Ç—Ä üé≠ –≤—ã–ø—É—Å–∫–∞–µ—Ç –Ω–µ –º–µ–Ω–µ–µ —á–µ—Ç—ã—Ä–µ—Ö –Ω–æ–≤—ã—Ö —Å–ø–µ–∫—Ç–∞–∫–ª–µ–π –∑–∞ —Å–µ–∑–æ–Ω. –ü—Ä–∏—á–µ–º –≤ —Ç—Ä–∞–¥–∏—Ü–∏—è—Ö —Ç–µ–∞—Ç—Ä–∞ - –≤—Å–µ–≥–¥–∞ –ø–æ–æ—â—Ä—è—Ç—å –∏ —Ä–∞–∑–≤–∏–≤–∞—Ç—å —Ç–≤–æ—Ä—á–µ—Å–∫—É—é –∏–Ω–∏—Ü–∏–∞—Ç–∏–≤—É —Å–∞–º–∏—Ö –∞–∫—Ç–µ—Ä–æ–≤, –¥–∞–≤–∞—è –≤–æ–∑–º–æ–∂–Ω–æ—Å—Ç—å –∏ –∏–∑—ã—Å–∫–∏–≤–∞—è —Å—Ä–µ–¥—Å—Ç–≤–∞ –Ω–∞ —Ö—É–¥–æ–∂–µ—Å—Ç–≤–µ–Ω–Ω—ã–π —ç–∫—Å–ø–µ—Ä–∏–º–µ–Ω—Ç. –ë–µ–∑—É—Å–ª–æ–≤–Ω—ã–º–∏ –ø–æ—Å—Ç–∞–Ω–æ–≤–æ—á–Ω—ã–º–∏ —É–¥–∞—á–∞–º–∏ —Å—Ç–∞–ª–∏ —Ä–∞–±–æ—Ç—ã –∞–∫—Ç–µ—Ä–æ–≤ —Ç–µ–∞—Ç—Ä–∞ –ê. –ë–µ–ª–∫–æ–≤–∞ ""–û–¥–Ω–∞–∂–¥—ã –Ω–∞ –î–∏–∫–æ–º –ó–∞–ø–∞–¥–µ"", ""–ù–µ—É–≥–æ–º–æ–Ω–Ω–∞—è —Å–µ–º–µ–π–∫–∞"", –Ø. –£–∑–µ–Ω—é–∫–∞ (—Å —É—á–∞—Å—Ç–∏–µ–º –í.–ë–æ—Ä–∏—Å–æ–≤–∞) ""–ì—É—Å–∏-–ª–µ–±–µ–¥–∏"" ü¶Ü .




1 –∏–∑ 3




""–ó–∏–º–æ–≤—å–µ –ó–≤–µ—Ä–µ–π¬ª
–¢–µ–∞—Ç—Ä üé≠ –∞–∫—Ç–∏–≤–Ω–æ –≥–∞—Å—Ç—Ä–æ–ª–∏—Ä—É–µ—Ç –∏ –ø—Ä–∏–Ω–∏–º–∞–µ—Ç —É—á–∞—Å—Ç–∏–µ –≤ –º–µ–∂–¥—É–Ω–∞—Ä–æ–¥–Ω—ã—Ö —Ñ–µ—Å—Ç–∏–≤–∞–ª—è—Ö –≤ –ü–æ–ª—å—à–µ, –†—É–º—ã–Ω–∏–∏, –ì–µ—Ä–º–∞–Ω–∏–∏, –ê–≤—Å—Ç—Ä–∏–∏, –ì–æ–ª–ª–∞–Ω–¥–∏–∏, –ù–æ—Ä–≤–µ–≥–∏–∏, –§–∏–Ω–ª—è–Ω–¥–∏–∏, –í–µ–ª–∏–∫–æ–±—Ä–∏—Ç–∞–Ω–∏–∏, –°–®–ê, –ò–Ω–¥–∏–∏, –ò–∑—Ä–∞–∏–ª–µ, –ö–∏–ø—Ä–µ üåê .




1 –∏–∑ 5




–°–ø–µ–∫—Ç–∞–∫–ª—å ""–ó–ª–∞—Ç–æ–≤–ª–∞—Å–∫–∞¬ª
üß≠ –ì–¥–µ: –≥. –Ø—Ä–æ—Å–ª–∞–≤–ª—å, –°–≤–æ–±–æ–¥—ã —É–ª.23‚åõ –ö–æ–≥–¥–∞: —Å 10:00 –¥–æ 18:00 –±–µ–∑ –≤—ã—Ö–æ–¥–Ω—ã—Ö, –æ–±–µ–¥ —Å 14:00 –¥–æ 14:30‚òé –ö–æ–Ω—Ç–∞–∫—Ç—ã: +7(4852) 72-63-03üíª –°–∞–π—Ç: http://www.yatk.yaroslavl.ru/ üí∞ –ë–∏–ª–µ—Ç—ã: 250 —Ä—É–±.–í–∏—Ä—Ç—É–∞–ª—å–Ω—ã–π —Ç—É—Ä –ø–æ –º—É–∑–µ—é http://pano7.virt-city.com/2/




1 –∏–∑ 6





121 –ø—Ä–æ—Å–º–æ—Ç—Ä¬∑3 –ø–æ–¥–µ–ª–∏–ª–∏—Å—å 





","–ú–£–ó–ï–ô –†–£–°–°–ö–û–ì–û –ù–ê–¶–ò–û–ù–ê–õ–¨–ù–û–ì–û –ü–ò–°–¨–ú–ê –≤ –Ø—Ä–æ—Å–ª–∞–≤–ª–µ–ê—Ñ–∏—à–∞ –Ø—Ä–æ—Å–ª–∞–≤–ª—å | –Ø–≤–∫—É—Ä—Å–µ | –í—Å–µ –º–µ—Ä–æ–ø—Ä–∏—è—Ç–∏—è¬∑9 –∏—é–ª –≤ 19:02–í 2020 –≥–æ–¥—É –≤ –Ø—Ä–æ—Å–ª–∞–≤–ª–µ üåÜ —Å–æ—Å—Ç–æ—è–ª–æ—Å—å –æ—Ç–∫—Ä—ã—Ç–∏–µ –ø–µ—Ä–≤–æ–≥–æ –≤ –†–æ—Å—Å–∏–∏ ¬´–ú–£–ó–ï–Ø –†–£–°–°–ö–û–ì–û –ù–ê–¶–ò–û–ù–ê–õ–¨–ù–û–ì–û –ü–ò–°–¨–ú–ê¬ª ‚úí







–ú—É–∑–µ–π üè£ —Å–æ–∑–¥–∞–≤–∞–ª—Å—è —Å–∏–ª–∞–º–∏ –ø—Ä–µ–ø–æ–¥–∞–≤–∞—Ç–µ–ª–µ–π, —Ä–æ–¥–∏—Ç–µ–ª–µ–π –∏ —É—á–∞—â–∏—Ö—Å—è –∞–≤—Ç–æ—Ä—Å–∫–æ–π —à–∫–æ–ª—ã –Æ—Ä–∏—è –ò–≤–∞–Ω–æ–≤–∏—á–∞ –ê—Ä—É—Ü–µ–≤–∞ ¬´–†—É—Å—Å–∫–∞—è –ö–∞–ª–ª–∏–≥—Ä–∞—Ñ–∏—è –∏ –í—è–∑—å¬ª üìù 




1 –∏–∑ 2





 –ü–µ—Ä–≤—ã–º–∏ —ç–∫—Å–ø–æ–Ω–∞—Ç–∞–º–∏ –º—É–∑–µ—è —Å—Ç–∞–ª–∏ –ø–∏—à—É—â–∏–µ –ø—Ä–∏–Ω–∞–¥–ª–µ–∂–Ω–æ—Å—Ç–∏ –ø—Ä–æ—à–µ–¥—à–∏—Ö —Å—Ç–æ–ª–µ—Ç–∏–π, –æ—Å—Ç—Ä–æ–∫–æ–Ω–µ—á–Ω—ã–µ –ø–µ—Ä—å—è ‚úí –∏ –¥–µ—Ä–∂–∞—Ç–µ–ª–∏ –∫ –Ω–∏–º –ø—Ä–æ–∏–∑–≤–æ–¥—Å—Ç–≤–∞ —è—Ä–æ—Å–ª–∞–≤—Å–∫–æ–≥–æ –∑–∞–≤–æ–¥–∞ ¬´–û—Ä–≥—Ç–µ—Ö–Ω–∏–∫–∞¬ª, —á–µ—Ä–Ω–∏–ª—å–Ω–∏—Ü—ã, —É—á–µ–Ω–∏—á–µ—Å–∫–∏–µ —Ç–µ—Ç—Ä–∞–¥–∏ XX —Å—Ç–æ–ª–µ—Ç–∏—è, —Ä–µ–¥–∫–∏–µ –∫–Ω–∏–≥–∏ –∏ —É–Ω–∏–∫–∞–ª—å–Ω—ã–µ –∫–∞–ª–ª–∏–≥—Ä–∞—Ñ–∏—á–µ—Å–∫–∏–µ üìú —Ä–∞–±–æ—Ç—ã –º–∞—Å—Ç–µ—Ä–æ–≤ —à–∫–æ–ª—ã. –í –Ω–∞—Å—Ç–æ—è—â–µ–µ –≤—Ä–µ–º—è –≤ –º—É–∑–µ–µ —É—á—Ç–µ–Ω–æ –±–æ–ª–µ–µ 500 —ç–∫—Å–ø–æ–Ω–∞—Ç–æ–≤.







–ö–æ–ª–ª–µ–∫—Ü–∏—è –º—É–∑–µ—è —Å—Ñ–æ—Ä–º–∏—Ä–æ–≤–∞–Ω–∞ –ø–æ –Ω–µ—Å–∫–æ–ª—å–∫–∏–º üìú üìú üìú —ç–∫—Å–ø–æ–∑–∏—Ü–∏—è–º:üîπ ¬´–ü–∞—Ä–∞–¥–Ω–æ–µ –ø–∏—Å—å–º–æ¬ª ‚úâ. –ü—Ä–µ–¥—Å—Ç–∞–≤–ª–µ–Ω–æ –±–æ–ª–µ–µ 200 –∫–∞–ª–ª–∏–≥—Ä–∞—Ñ–∏—á–µ—Å–∫–∏—Ö —Ä–∞–±–æ—Ç —É—á–∞—â–∏—Ö—Å—è —à–∫–æ–ª—ã –∏ –º–∞—Å—Ç–µ—Ä–æ–≤ –∫–∞–ª–ª–∏–≥—Ä–∞—Ñ–∏–∏.üîπ ¬´–ò—Å–∫—É—Å—Å—Ç–≤–æ –º–æ–Ω–æ–≥—Ä–∞–º–º—ã¬ª. –ü—Ä–µ–¥—Å—Ç–∞–≤–ª–µ–Ω–æ –æ–∫–æ–ª–æ 50 —Ä–∞–±–æ—Ç –º–∞—Å—Ç–µ—Ä–æ–≤ —à–∫–æ–ª—ã.üîπ ¬´–ö–∞–ª–ª–∏–≥—Ä–∞—Ñ–∏—è –ø–æ —Ñ–æ—Ç–æ–≥—Ä–∞—Ñ–∏–∏¬ª üñº. –ù–æ–≤–æ–µ –Ω–∞–ø—Ä–∞–≤–ª–µ–Ω–∏–µ –≤ –∏—Å–∫—É—Å—Å—Ç–≤–µ —Ä—É—á–Ω–æ–≥–æ –ø–∏—Å—å–º–∞. –ü—Ä–µ–¥—Å—Ç–∞–≤–ª–µ–Ω–æ –ø—è—Ç—å —É–Ω–∏–∫–∞–ª—å–Ω—ã—Ö —Ä–∞–±–æ—Ç –æ—Å–Ω–æ–≤–∞—Ç–µ–ª—è —à–∫–æ–ª—ã.üîπ ¬´–Ø—Ä–æ—Å–ª–∞–≤—Å–∫–∞—è –≤—è–∑—å¬ª. –ù–æ–≤–æ–µ –Ω–∞–ø—Ä–∞–≤–ª–µ–Ω–∏–µ –≤ –∏—Å–∫—É—Å—Å—Ç–≤–µ —Ä—É—Å—Å–∫–æ–π –≤—è–∑–∏, –ø–æ–ª—É—á–∏–≤—à–µ–µ —Ä–∞–∑–≤–∏—Ç–∏–µ —Å –∫–æ–Ω—Ü–∞ 90-—Ö –≥–æ–¥–æ–≤. –ü—Ä–µ–¥—Å—Ç–∞–≤–ª–µ–Ω–æ 25 üìú —É–Ω–∏–∫–∞–ª—å–Ω—ã—Ö —Ä–∞–±–æ—Ç –º–∞—Å—Ç–µ—Ä–æ–≤ —à–∫–æ–ª—ã.üîπ ¬´–ú–æ—è –∑–æ–ª–æ—Ç–∞—è –ø–æ–¥–ø–∏—Å—å¬ª. –ù–æ–≤–æ–µ –Ω–∞–ø—Ä–∞–≤–ª–µ–Ω–∏–µ –≤ –∏—Å–∫—É—Å—Å—Ç–≤–µ —Ä–∞–∑—Ä–∞–±–æ—Ç–∫–∏ –ª–∏—á–Ω–æ–π –ø–æ–¥–ø–∏—Å–∏ ‚öú . –ü—Ä–µ–¥—Å—Ç–∞–≤–ª–µ–Ω–æ –æ–∫–æ–ª–æ —Å—Ç–∞ —É–Ω–∏–∫–∞–ª—å–Ω—ã—Ö —Ä–∞–∑—Ä–∞–±–æ—Ç–æ–∫ –ø–æ–¥–ø–∏—Å–∏ –≥—Ä–∞–∂–¥–∞–Ω –†–æ—Å—Å–∏–∏ –∏ –∑–∞—Ä—É–±–µ–∂—å—è.üîπ ¬´–ë–∏–±–ª–∏–æ—Ç–µ–∫–∞ –∫–∞–ª–ª–∏–≥—Ä–∞—Ñ–∞¬ª. –°–æ–±—Ä–∞–Ω–∏–µ –∫–Ω–∏–≥ üìö , –≤ —Ç–æ–º —á–∏—Å–ª–µ —Ä–µ–¥–∫–∏—Ö, –ø–æ –∏—Å–∫—É—Å—Å—Ç–≤—É –ø–∏—Å—å–º–∞ , –µ–≥–æ –∏—Å—Ç–æ—Ä–∏–∏ –∏ —ç–≤–æ–ª—é—Ü–∏–∏, –∞–≤—Ç–æ—Ä—Å–∫–∏—Ö –º–µ—Ç–æ–¥–∏–∫ –ø—Ä–µ–ø–æ–¥–∞–≤–∞–Ω–∏—è —á–∏—Å—Ç–æ–ø–∏—Å–∞–Ω–∏—è –∏ –∫–∞–ª–ª–∏–≥—Ä–∞—Ñ–∏–∏ –≤—ã–ø—É—Å–∫–Ω–∏–∫–æ–≤ —à–∫–æ–ª—ã.







–í –º—É–∑–µ–µ –±—É–¥—É—Ç –ø—Ä–æ–≤–æ–¥–∏—Ç—å—Å—è —Ä–µ–≥–∏–æ–Ω–∞–ª—å–Ω—ã–µ –∏ –º–µ–∂–¥—É–Ω–∞—Ä–æ–¥–Ω—ã–µ –≤—ã—Å—Ç–∞–≤–∫–∏ –∫–∞–ª–ª–∏–≥—Ä–∞—Ñ–∏–∏ üñä , –∫–æ–Ω—Ñ–µ—Ä–µ–Ω—Ü–∏–∏, —É—á–µ–±–Ω—ã–µ —Å–µ–º–∏–Ω–∞—Ä—ã –∏ –ª–µ–∫—Ü–∏–æ–Ω–Ω—ã–µ üìù –∫—É—Ä—Å—ã –ø–æ –∏—Å—Ç–æ—Ä–∏–∏ —Ä—É—Å—Å–∫–æ–π –ø–∏—Å—å–º–µ–Ω–Ω–æ—Å—Ç–∏, –ø–µ–¥–∞–≥–æ–≥–∏–∫–µ, —Ñ–∏–ª–æ–ª–æ–≥–∏–∏, —Ñ–∏–∑–∏–æ–ª–æ–≥–∏–∏ –ø–∏—Å—å–º–∞ –∏ —Å–æ—Ö—Ä–∞–Ω–µ–Ω–∏–∏ –∑–¥–æ—Ä–æ–≤—å—è –¥–µ—Ç–µ–π –∏ —é–Ω–æ—à–µ—Å—Ç–≤–∞. –í –Ω–∞—Å—Ç–æ—è—â–µ–µ –≤—Ä–µ–º—è —É–∂–µ –ø—Ä–æ–≤–æ–¥—è—Ç—Å—è –º–∞—Å—Ç–µ—Ä-–∫–ª–∞—Å—Å—ã –ø–æ –∫–∞–ª–ª–∏–≥—Ä–∞—Ñ–∏–∏ ‚úí .







üß≠ –ì–¥–µ: –≥. –Ø—Ä–æ—Å–ª–∞–≤–ª—å, —É–ª. –¢—Ä–µ—Ñ–æ–ª–µ–≤–∞, –¥.11‚åõ –ö–æ–≥–¥–∞: –ø–Ω,–≤—Ç,—Å—Ä,—á—Ç,—Å–±,–≤—Å 12:00‚Äì19:00 (—ç–∫—Å–∫—É—Ä—Å–∏–∏ –ø–æ –ø—Ä–µ–¥–≤–∞—Ä–∏—Ç–µ–ª—å–Ω–æ–π –∑–∞—è–≤–∫–µ)üí∞ –°—Ç–æ–∏–º–æ—Å—Ç—å: –≠–∫—Å–∫—É—Ä—Å–∏–∏: –≥—Ä—É–ø–ø—ã –¥–æ 15 —á–µ–ª. ‚Äî 2000 —Ä—É–±., –¥–æ 30 —á–µ–ª. ‚Äî 3000 —Ä—É–±. –ú–∞—Å—Ç–µ—Ä-–∫–ª–∞—Å—Å: –≥—Ä—É–ø–ø—ã –¥–æ 15 —á–µ–ª. ‚Äî 3000 —Ä—É–±. –≠–∫—Å–∫—É—Ä—Å–∏—è —Å –ø—Ä–æ–≤–µ–¥–µ–Ω–∏–µ–º –º–∞—Å—Ç–µ—Ä-–∫–ª–∞—Å—Å–∞ –¥–ª—è —Å–µ–º—å–∏ ‚Äî 250 —Ä—É–±./—á–µ–ª. –ò–Ω–≤–∞–ª–∏–¥—ã –∏ –¥–µ—Ç–∏ –¥–æ—à–∫–æ–ª—å–Ω–æ–≥–æ –≤–æ–∑—Ä–∞—Å—Ç–∞ ‚Äî –±–µ—Å–ø–ª–∞—Ç–Ω–æ.‚òé –ö–æ–Ω—Ç–∞–∫—Ç—ã: +7 903 828-88-23







–°–ø–∞—Å–∏–±–æ –±–æ–ª—å—à–æ–µ –∑–∞ –∏—Å–ø–æ–ª—å–∑—É–µ–º—ã–π –º–∞—Ç–µ—Ä–∏–∞–ª https://privatemuseums.ru118 –ø—Ä–æ—Å–º–æ—Ç—Ä–æ–≤¬∑3 –ø–æ–¥–µ–ª–∏–ª–∏—Å—å 





","–ú—É–∑–µ–π –∏—Å—Ç–æ—Ä–∏–∏ –Ø—Ä–æ—Å–ª–∞–≤—Å–∫–æ–≥–æ —à–∏–Ω–Ω–æ–≥–æ –∑–∞–≤–æ–¥–∞–ê—Ñ–∏—à–∞ –Ø—Ä–æ—Å–ª–∞–≤–ª—å | –Ø–≤–∫—É—Ä—Å–µ | –í—Å–µ –º–µ—Ä–æ–ø—Ä–∏—è—Ç–∏—è¬∑8 –∏—é–ª –≤ 14:59–ú—É–∑–µ–∏ –ø—Ä–∏ –ø—Ä–µ–¥–ø—Ä–∏—è—Ç–∏—è—Ö ‚Äî –æ—Ç–ª–∏—á–Ω–∞—è –≤–æ–∑–º–æ–∂–Ω–æ—Å—Ç—å –æ–∫—É–Ω—É—Ç—å—Å—è –≤ –ø—Ä–æ—à–ª–æ–µ. –ò –ú—É–∑–µ–π –∏—Å—Ç–æ—Ä–∏–∏ –Ø—Ä–æ—Å–ª–∞–≤—Å–∫–æ–≥–æ —à–∏–Ω–Ω–æ–≥–æ –∑–∞–≤–æ–¥–∞ üè£ —Ç–æ–º—É –ø–æ–ª–Ω–æ–µ –ø–æ–¥—Ç–≤–µ—Ä–∂–¥–µ–Ω–∏–µ. –û—Ç–∫—Ä—ã—Ç–∏–µ –º—É–∑–µ—è —Å–æ—Å—Ç–æ—è–ª–æ—Å—å 30 –æ–∫—Ç—è–±—Ä—è 2002 –≥–æ–¥–∞ –≤ —á–µ—Å—Ç—å —Å 70-–ª–µ—Ç–∏—è –Ø—Ä–æ—Å–ª–∞–≤—Å–∫–æ–≥–æ —à–∏–Ω–Ω–æ–≥–æ –∑–∞–≤–æ–¥–∞.






–Ø—Ä–æ—Å–ª–∞–≤—Å–∫–∏–π —à–∏–Ω–Ω—ã–π –∑–∞–≤–æ–¥
 –Ø—Ä–æ—Å–ª–∞–≤—Å–∫–∏–π —à–∏–Ω–Ω—ã–π –∑–∞–≤–æ–¥ ‚Äî –æ–¥–Ω–æ –∏–∑ —Å—Ç–∞—Ä–µ–π—à–∏—Ö —è—Ä–æ—Å–ª–∞–≤—Å–∫–∏—Ö –ø—Ä–µ–¥–ø—Ä–∏—è—Ç–∏–π ‚ö´, —Å–≤–æ—é –¥–µ—è—Ç–µ–ª—å–Ω–æ—Å—Ç—å –æ–Ω –Ω–∞—á–∞–ª –≤ –¥–∞–ª–µ–∫–æ–º 1932 –≥–æ–¥—É. –ú–µ—Å—Ç–æ –¥–ª—è –ø–µ—Ä–≤–æ–≥–æ –≤ –°–°–°–† –∑–∞–≤–æ–¥–∞ –ø–æ –ø—Ä–æ–∏–∑–≤–æ–¥—Å—Ç–≤—É —à–∏–Ω –≤—ã–±–∏—Ä–∞–ª–∏ –¥–æ–ª–≥–æ, –≤ —Ä–µ–∑—É–ª—å—Ç–∞—Ç–µ –æ—Å—Ç–∞–Ω–æ–≤–∏–≤—à–∏—Å—å –Ω–∞ –ü–æ–ª—É—à–∫–∏–Ω–æ–π —Ä–æ—â–µ üå≥ ‚Äî –∏–∑–ª—é–±–ª–µ–Ω–Ω–æ–º –º–µ—Å—Ç–µ –æ—Ç–¥—ã—Ö–∞ –≥–æ—Ä–æ–∂–∞–Ω. –ó–∞–≤–æ–¥ —Å—Ç—Ä–æ–∏–ª–∏ –ø—Ä–µ–∏–º—É—â–µ—Å—Ç–≤–µ–Ω–Ω–æ —Å–µ–ª—å—Å–∫–∏–µ –∂–∏—Ç–µ–ª–∏, –∞ –∏–∑ —Ç—Ä–∞–Ω—Å–ø–æ—Ä—Ç–∞ –∏–º–µ–ª–∏—Å—å –≤—Å–µ–≥–æ –ª–∏—à—å 4 –≥—Ä—É–∑–æ–≤—ã–µ –º–∞—à–∏–Ω—ã, —Ç—è–∂–µ–ª—É—é —Ç–µ—Ö–Ω–∏–∫—É –∑–∞–º–µ–Ω—è–ª–∏ –ª–æ—à–∞–¥–∏ üê¥.







–ú—É–∑–µ–π –Ø–®–ó –∫–∞–º–µ—Ä–Ω—ã–π, –∫–æ–º–ø–∞–∫—Ç–Ω—ã–π, –≤ –Ω—ë–º –¥–≤–∞ –∑–∞–ª–∞ –∏ –Ω–µ–±–æ–ª—å—à–æ–π —Ö–æ–ª–ª. –û—Å–Ω–æ–≤–Ω–æ–π –∑–∞–ª –∑–Ω–∞–∫–æ–º–∏—Ç –Ω–∞—Å —Å –º–Ω–æ–≥–æ–ª–µ—Ç–Ω–µ–π –∏—Å—Ç–æ—Ä–∏–µ–π –Ø—Ä–æ—Å–ª–∞–≤—Å–∫–æ–≥–æ —à–∏–Ω–Ω–æ–≥–æ –∑–∞–≤–æ–¥–∞, –∞ –º–∞–ª—ã–π –∑–∞–ª –ø–æ–ª–Ω–æ—Å—Ç—å—é –ø–æ—Å–≤—è—â–µ–Ω —Å–æ–≤—Ä–µ–º–µ–Ω–Ω–æ—Å—Ç–∏ –∏ –ê–û ¬´–ö–æ—Ä–¥–∏–∞–Ω—Ç¬ª. –ó–¥–µ—Å—å –¥–µ–π—Å—Ç–≤—É—é—Ç –ø–æ—Å—Ç–æ—è–Ω–Ω—ã–µ —ç–∫—Å–ø–æ–∑–∏—Ü–∏–∏, —Å –∫–æ—Ç–æ—Ä—ã–º–∏ –≤—Å–µ–≥–¥–∞ –º–æ–∂–µ—Ç –æ–∑–Ω–∞–∫–æ–º–∏—Ç—å—Å—è –ª—é–±–æ–π –ø–æ—Å–µ—Ç–∏—Ç–µ–ª—å üë®‚Äçüë©‚Äçüëß‚Äçüë¶ , –∞ —Ç–∞–∫ –∂–µ —Ä–∞–∑–ª–∏—á–Ω—ã–µ –∏–Ω—Ç–µ—Ä–∞–∫—Ç–∏–≤–Ω—ã–µ –≤—Ä–µ–º–µ–Ω–Ω—ã–µ –≤—ã—Å—Ç–∞–≤–∫–∏.




1 –∏–∑ 5





–£–¥–∏–≤–∏—Ç–µ–ª—å–Ω—ã–π –º—É–∑–µ–π —Ä–∞—Å—Å–∫–∞–∑—ã–≤–∞–µ—Ç –Ω–µ —Ç–æ–ª—å–∫–æ –æ —à–∏–Ω–Ω–æ–º –ø—Ä–æ–∏–∑–≤–æ–¥—Å—Ç–≤–µ. –í —ç–∫—Å–ø–æ–∑–∏—Ü–∏–∏ –ø—Ä–µ–¥—Å—Ç–∞–≤–ª–µ–Ω–∞ –≤—Å—è –Ω–µ–ª–µ–≥–∫–∞—è –∂–∏–∑–Ω—å –≤—Ä–µ–º–µ–Ω –°–æ–≤–µ—Ç—Å–∫–æ–≥–æ —Å–æ—é–∑–∞ üö© . –ó–¥–µ—Å—å –Ω–∞ —á–µ—Ä–Ω–æ-–±–µ–ª—ã—Ö —Å–æ–≤–µ—Ç—Å–∫–∏—Ö –∏ –Ω–∞ —è—Ä–∫–∏—Ö —Å–æ–≤—Ä–µ–º–µ–Ω–Ω—ã—Ö —Ñ–æ—Ç–æ–≥—Ä–∞—Ñ–∏—è—Ö –ø–æ–∫–∞–∑–∞–Ω—ã –ø—Ä–æ–∏–∑–≤–æ–¥—Å—Ç–≤–µ–Ω–Ω—ã–µ –ø–æ–±–µ–¥—ã –∏ —Ç—Ä—É–¥–Ω–æ—Å—Ç–∏ –ø—Ä–æ—à–ª–æ–≥–æ –∏ –¥–æ—Å—Ç–∏–∂–µ–Ω–∏—è –Ω–∞—Å—Ç–æ—è—â–µ–≥–æ.







–ú—É–∑–µ–π —Å—Ç–∞–ª –≥–æ—Ä–¥–æ—Å—Ç—å—é –∑–∞–≤–æ–¥—á–∞–Ω –∏ –Ω–µ–æ—Ç—ä–µ–º–ª–µ–º–æ–π —á–∞—Å—Ç—å—é –æ–±—â–µ—Å—Ç–≤–µ–Ω–Ω–æ–π üé§ –∂–∏–∑–Ω–∏ –∑–∞–≤–æ–¥–∞ –∏ –≥–æ—Ä–æ–¥–∞. –û–Ω –≤–æ—Å–ø—Ä–∏–Ω–∏–º–∞–µ—Ç—Å—è —à–∏–Ω–Ω–∏–∫–∞–º–∏ –∫–∞–∫ —Å–≤–æ–µ–æ–±—Ä–∞–∑–Ω—ã–π –∫—É–ª—å—Ç—É—Ä–Ω—ã–π —Ü–µ–Ω—Ç—Ä –∑–∞–≤–æ–¥—Å–∫–æ–π –∂–∏–∑–Ω–∏, –∫–∞–∫ –ø—Ä–æ—Å—Ç—Ä–∞–Ω—Å—Ç–≤–æ, –æ—Ç–∫—Ä—ã—Ç–æ–µ –¥–ª—è —Ç–≤–æ—Ä—á–µ—Å–∫–æ–π —Ä–µ–∞–ª–∏–∑–∞—Ü–∏–∏. –ó–∞ –ø–æ—Å–ª–µ–¥–Ω–∏–µ –Ω–µ—Å–∫–æ–ª—å–∫–æ –ª–µ—Ç –º—É–∑–µ–π –ø–æ–ª—é–±–∏–ª–∏ –∞–∫—Ç–∏–≤–∏—Å—Ç—ã –ú–æ–ª–æ–¥—ë–∂–Ω–æ–≥–æ —Å–æ–≤–µ—Ç–∞ –∑–∞–≤–æ–¥–∞: –∑–¥–µ—Å—å –ø—Ä–æ–≤–æ–¥—è—Ç—Å—è —Ç—Ä–∞–¥–∏—Ü–∏–æ–Ω–Ω—ã–µ –¥–µ—Ç—Å–∫–∏–µ –ø—Ä–∞–∑–¥–Ω–∏–∫–∏, —Ç–∞–∫–∏–µ –∫–∞–∫ –ù–æ–≤—ã–π –≥–æ–¥ üéÑ –∏ –ü—Ä–∞–∑–¥–Ω–∏–∫ –ø–µ—Ä–≤–æ–∫–ª–∞—Å—Å–Ω–∏–∫–∞..







üß≠ –ì–¥–µ: –≥. –Ø—Ä–æ—Å–ª–∞–≤–ª—å, —É–ª. –°–æ–≤–µ—Ç—Å–∫–∞—è, 81‚åõ –ö–æ–≥–¥–∞: –ü–Ω-–ü—Ç 8:00‚Äì17:00, –ø–µ—Ä–µ—Ä—ã–≤ 12:00‚Äì13:00‚òé –ö–æ–Ω—Ç–∞–∫—Ç—ã: 8 (485) 279-16-09–§–µ–π—Å–±—É–∫: https://www.facebook.com/yashzmuseum/ 







112 –ø—Ä–æ—Å–º–æ—Ç—Ä–æ–≤¬∑4 –ø–æ–¥–µ–ª–∏–ª–∏—Å—å 





","–ú—É–∑–µ–π —Å—Ç—Ä–µ–ª–∫–æ–≤–æ–≥–æ –∏ —Ö–æ–ª–æ–¥–Ω–æ–≥–æ –æ—Ä—É–∂–∏—è–ê—Ñ–∏—à–∞ –Ø—Ä–æ—Å–ª–∞–≤–ª—å | –Ø–≤–∫—É—Ä—Å–µ | –í—Å–µ –º–µ—Ä–æ–ø—Ä–∏—è—Ç–∏—è¬∑7 –∏—é–ª –≤ 16:07–í –Ø—Ä–æ—Å–ª–∞–≤–ª–µ üåÜ –≤ 2020 –≥–æ–¥—É –æ—Ç–∫—Ä—ã–ª—Å—è —á–∞—Å—Ç–Ω—ã–π –ú—É–∑–µ–π —Å—Ç—Ä–µ–ª–∫–æ–≤–æ–≥–æ –∏ —Ö–æ–ª–æ–¥–Ω–æ–≥–æ –æ—Ä—É–∂–∏—è. –†—É–∫–æ–≤–æ–¥–∏—Ç–µ–ª–µ–º –º—É–∑–µ—è —Å—Ç–∞–ª –ò–æ—Å–∏—Ñ –ë–æ—Ç–µ—Ä–∞—à–≤–∏–ª–∏, –∫–æ—Ç–æ—Ä—ã–π –¥–≤–∞ –¥–µ—Å—è—Ç–∫–∞ –ª–µ—Ç —Å–æ–±–∏—Ä–∞–ª –∏ —Ö—Ä–∞–Ω–∏–ª –±—É–¥—É—â–∏–µ —ç–∫—Å–ø–æ–Ω–∞—Ç—ã ‚öî.




1 –∏–∑ 2





–ú—É–∑–µ–π –∏–º–µ–µ—Ç —á–µ—Ç—ã—Ä–µ –∑–∞–ª–∞ –æ–±—â–µ–π –ø–ª–æ—â–∞–¥—å—é 150 –∫–≤–∞–¥—Ä–∞—Ç–Ω—ã—Ö –º–µ—Ç—Ä–æ–≤, –≤ –∫–æ—Ç–æ—Ä—ã—Ö –ø—Ä–µ–¥—Å—Ç–∞–≤–ª–µ–Ω—ã –≤—ã—Å—Ç–∞–≤–∫–∏ —Å—Ç—Ä–µ–ª–∫–æ–≤–æ–≥–æ –∏ —Ö–æ–ª–æ–¥–Ω–æ–≥–æ üó° –æ—Ä—É–∂–∏—è. 







–í —ç–∫—Å–ø–æ–∑–∏—Ü–∏–∏ —Å–æ–±—Ä–∞–Ω—ã –≤—Å–µ –º–æ–¥–µ–ª–∏ –∞–≤—Ç–æ–º–∞—Ç–∞ –ö–∞–ª–∞—à–Ω–∏–∫–æ–≤–∞, —É–Ω–∏–∫–∞–ª—å–Ω—ã–µ –æ–±—Ä–∞–∑—Ü—ã –≤–∏–Ω—Ç–æ–≤–æ–∫ –∏ —Ä–µ–≤–æ–ª—å–≤–µ—Ä–æ–≤. üî´ –ö–æ–ª–ª–µ–∫—Ü–∏—è —Å–æ–±–∏—Ä–∞–ª–∞—Å—å –º–Ω–æ–≥–æ –ª–µ—Ç –∏ —Å–æ–¥–µ—Ä–∂–∏—Ç ¬´—Å—Ç–≤–æ–ª—ã¬ª —Ä–∞–∑–ª–∏—á–Ω—ã—Ö —ç–ø–æ—Ö, —Å—Ç—Ä–∞–Ω –∏ –Ω–∞—Ä–æ–¥–æ–≤.







–í—Å–µ–≥–æ –≤ —ç–∫—Å–ø–æ–∑–∏—Ü–∏–∏ –ø—Ä–µ–¥—Å—Ç–∞–≤–ª–µ–Ω–æ –±–æ–ª–µ–µ 500 –ø—Ä–µ–¥–º–µ—Ç–æ–≤.




1 –∏–∑ 4





–î–æ–ø–æ–ª–Ω—è–µ—Ç —ç–∫—Å–ø–æ–∑–∏—Ü–∏—é –∫–æ–ª–ª–µ–∫—Ü–∏—è —Ö–æ–ª–æ–¥–Ω–æ–≥–æ üó° –∫–ª–∏–Ω–∫–æ–≤–æ–≥–æ –æ—Ä—É–∂–∏—è. –ï–≥–æ –ø—Ä–µ–¥—Å—Ç–∞–≤–ª—è–µ—Ç –¥—Ä—É–≥ –¥–∏—Ä–µ–∫—Ç–æ—Ä–∞ –º—É–∑–µ—è –ú–∏—Ö–∞–∏–ª –ö—É–∑–Ω–µ—Ü–æ–≤.







üß≠ –ì–¥–µ: –≥. –Ø—Ä–æ—Å–ª–∞–≤–ª—å, —É–ª. –°–≤–æ–±–æ–¥—ã, 56/35‚åõ –ö–æ–≥–¥–∞: –µ–∂–µ–¥–Ω–µ–≤–Ω–æ —Å 10:00 –¥–æ 19:00‚òé –ö–æ–Ω—Ç–∞–∫—Ç—ã: +7 4852 47-74-47







111 –ø—Ä–æ—Å–º–æ—Ç—Ä–æ–≤¬∑3 –ø–æ–¥–µ–ª–∏–ª–∏—Å—å 





","–î–µ–º–∏–¥–æ–≤—Å–∫–∏–π —Å–∞–¥–ê—Ñ–∏—à–∞ –Ø—Ä–æ—Å–ª–∞–≤–ª—å | –Ø–≤–∫—É—Ä—Å–µ | –í—Å–µ –º–µ—Ä–æ–ø—Ä–∏—è—Ç–∏—è¬∑5 –∏—é–ª –≤ 19:49–î–µ–º–∏–¥–æ–≤—Å–∫–∏–π —Å–∞–¥ ‚Äî —Å–∫–≤–µ—Ä –≤ —Ü–µ–Ω—Ç—Ä–µ –≥–æ—Ä–æ–¥–∞ –Ø—Ä–æ—Å–ª–∞–≤–ª—è üåÜ, —Ä–∞—Å–ø–æ–ª–æ–∂–µ–Ω –Ω–∞ –ø–ª–æ—â–∞–¥–∏ –ß–µ–ª—é—Å–∫–∏–Ω—Ü–µ–≤ (–±—ã–≤—à–µ–π –ü–ª–∞—Ü–ø–∞—Ä–∞–¥–Ω–æ–π), –º–µ–∂–¥—É –°–æ–≤–µ—Ç—Å–∫–æ–π –ø–ª–æ—â–∞–¥—å—é –∏ –ü–æ—á—Ç–æ–≤–æ–π —É–ª–∏—Ü–µ–π. –ù–∞–∑–≤–∞–Ω –ø–æ –Ω–∞—Ö–æ–¥—è—â–µ–º—É—Å—è –≤ –µ–≥–æ —Ü–µ–Ω—Ç—Ä–µ –î–µ–º–∏–¥–æ–≤—Å–∫–æ–º—É —Å—Ç–æ–ª–ø—É üóº. –í—Ö–æ–¥–∏—Ç –≤ –ø–µ—Ä–µ—á–µ–Ω—å –æ—Å–æ–±–æ –æ—Ö—Ä–∞–Ω—è–µ–º—ã—Ö –ø—Ä–∏—Ä–æ–¥–Ω—ã—Ö —Ç–µ—Ä—Ä–∏—Ç–æ—Ä–∏–π –Ø—Ä–æ—Å–ª–∞–≤—Å–∫–æ–π –æ–±–ª–∞—Å—Ç–∏.







–ü–ª–∞—Ü–ø–∞—Ä–∞–¥–Ω–∞—è –ø–ª–æ—â–∞–¥—å –ø–æ—è–≤–∏–ª–∞—Å—å –≤ 1778 –≥–æ–¥—É –≤—Å–ª–µ–¥—Å—Ç–≤–∏–µ –ø–µ—Ä–µ—Å—Ç—Ä–æ–π–∫–∏ —Ü–µ–Ω—Ç—Ä–∞ –Ø—Ä–æ—Å–ª–∞–≤–ª—è –ø–æ —Ä–µ–≥—É–ª—è—Ä–Ω–æ–º—É –ø–ª–∞–Ω—É. –û–Ω–∞ –±—ã–ª–∞ –ø—Ä–µ–¥–Ω–∞–∑–Ω–∞—á–µ–Ω–∞ –¥–ª—è –ø—Ä–æ–≤–µ–¥–µ–Ω–∏—è –≤–æ–µ–Ω–Ω—ã—Ö —Å–º–æ—Ç—Ä–æ–≤ –∏ –ø–∞—Ä–∞–¥–æ–≤. –í 1829 –≥–æ–¥—É –≤ —Ü–µ–Ω—Ç—Ä–µ –ø–ª–æ—â–∞–¥–∏ –±—ã–ª–∞ —É—Å—Ç–∞–Ω–æ–≤–ª–µ–Ω–∞ –ø–∞–º—è—Ç–Ω–∞—è –∫–æ–ª–æ–Ω–Ω–∞ üóº —á–µ—Å—Ç—å –ü–∞–≤–ª–∞ –ì—Ä–∏–≥–æ—Ä—å–µ–≤–∏—á–∞ –î–µ–º–∏–¥–æ–≤–∞, –æ—Å–Ω–æ–≤–∞—Ç–µ–ª—è –ø–µ—Ä–≤–æ–≥–æ –≤—ã—Å—à–µ–≥–æ —É—á–µ–±–Ω–æ–≥–æ –∑–∞–≤–µ–¥–µ–Ω–∏—è –≤ –Ø—Ä–æ—Å–ª–∞–≤–ª–µ ‚Äî –Ø—Ä–æ—Å–ª–∞–≤—Å–∫–æ–µ –î–µ–º–∏–¥–æ–≤—Å–∫–æ–µ —É—á–∏–ª–∏—â–µ –≤—ã—Å—à–∏—Ö –Ω–∞—É–∫, –î–µ–º–∏–¥–æ–≤—Å–∫–∏–π —é—Ä–∏–¥–∏—á–µ—Å–∫–∏–π –ª–∏—Ü–µ–π, –î–µ–º–∏–¥–æ–≤—Å–∫–∏–π –ª–∏—Ü–µ–π (—Å–æ–≤—Ä–µ–º–µ–Ω–Ω—ã–π –Ø—Ä–æ—Å–ª–∞–≤—Å–∫–∏–π –≥–æ—Å—É–¥–∞—Ä—Å—Ç–≤–µ–Ω–Ω—ã–π —É–Ω–∏–≤–µ—Ä—Å–∏—Ç–µ—Ç –∏–º–µ–Ω–∏ –ü. –ì. –î–µ–º–∏–¥–æ–≤–∞ —Å—á–∏—Ç–∞–µ—Ç—Å—è –µ–≥–æ –ø—Ä–µ–µ–º–Ω–∏–∫–æ–º).






–ü–∞–≤–µ–ª –ì—Ä–∏–≥–æ—Ä—å–µ–≤–∏—á –î–µ–º–∏–¥–æ–≤
–í 1885 –≥–æ—Ä–æ–¥—Å–∫–æ–π –≥–æ–ª–æ–≤–∞ –ò–≤–∞–Ω –ê–ª–µ–∫—Å–∞–Ω–¥—Ä–æ–≤–∏—á –í–∞—Ö—Ä–∞–º–µ–µ–≤ –Ω–∞ —Å–æ–±—Å—Ç–≤–µ–Ω–Ω—ã–µ —Å—Ä–µ–¥—Å—Ç–≤–∞ —Ä–∞–∑–±–∏–ª –Ω–∞ –ø–ª–æ—â–∞–¥–∏ —Å–∞–¥ üå≥. –ü–æ–Ω–∞—á–∞–ª—É —Å–∞–¥ –Ω–∞–∑—ã–≤–∞–ª—Å—è –í–∞—Ö—Ä–∞–º–µ–µ–≤—Å–∫–∏–º, –æ–¥–Ω–∞–∫–æ –æ—Ñ–∏—Ü–∏–∞–ª—å–Ω–æ–µ –Ω–∞–∑–≤–∞–Ω–∏–µ –≤—Å–∫–æ—Ä–µ –≤—ã—Ç–µ—Å–Ω–∏–ª–æ—Å—å ¬´–Ω–∞—Ä–æ–¥–Ω—ã–º¬ª –î–µ–º–∏–¥–æ–≤—Å–∫–∏–π, –ø–æ —Å—Ç–æ—è–≤—à–µ–º—É –≤ —Ü–µ–Ω—Ç—Ä–µ –ø–∞—Ä–∫–∞ —Å—Ç–æ–ª–ø—É. 







–í —Å–∞–¥—É –±—ã–ª –æ–±—É—Å—Ç—Ä–æ–µ–Ω —Ñ–æ–Ω—Ç–∞–Ω ‚õ≤, —É–∫—Ä–∞—à–µ–Ω–Ω—ã–π —Ñ–∏–≥—É—Ä–æ–π –∞–∏—Å—Ç–∞ (–≤ —Å–æ–≤–µ—Ç—Å–∫–∏–µ –≥–æ–¥—ã –ø—Ç–∏—Ü—É —Å–º–µ–Ω–∏–ª –ë—É—Ä–∞—Ç–∏–Ω–æ, –∞ –∑–∞—Ç–µ–º ‚Äì —Å—Ñ–µ—Ä–∞ —Å —á–∞—à–∞–º–∏).




1 –∏–∑ 2





–í 1918 –≥–æ–¥—É, –ø–æ—Å–ª–µ —É—Å—Ç–∞–Ω–æ–≤–ª–µ–Ω–∏—è —Å–æ–≤–µ—Ç—Å–∫–æ–π –≤–ª–∞—Å—Ç–∏, –ü–ª–∞—Ü–ø–∞—Ä–∞–¥–Ω–∞—è –ø–ª–æ—â–∞–¥—å –±—ã–ª–∞ –ø–µ—Ä–µ–∏–º–µ–Ω–æ–≤–∞–Ω–∞ –≤ –ø–ª–æ—â–∞–¥—å –ú–∏—Ä–∞, –∞ –≥–ª–∞–≤–Ω–∞—è –∞–ª–ª–µ—è —Å–∞–¥–∞ –ø–µ—Ä–µ–∏–º–µ–Ω–æ–≤–∞–Ω–∞ –≤ –±—É–ª—å–≤–∞—Ä –ú–∏—Ä–∞. –í —Å–∞–¥—É –±—ã–ª —Å–æ–æ—Ä—É–∂—ë–Ω –ø–∞–º—è—Ç–Ω–∏–∫ –±–æ–ª—å—à–µ–≤–∏–∫–∞–º, –∑–∞—Å—Ç—Ä–µ–ª–µ–Ω–Ω—ã–º –≤–æ –≤—Ä–µ–º—è –≤–æ—Å—Å—Ç–∞–Ω–∏—è. –í 1919 –≥–æ–¥—É —Ä—è–¥–æ–º —Å –ø–∞–º—è—Ç–Ω–∏–∫–æ–º –ø—Ä–æ–∏–∑–≤–æ–¥–∏–ª–∏—Å—å –∑–∞—Ö–æ—Ä–æ–Ω–µ–Ω–∏—è –∫—Ä–∞—Å–Ω–æ–∞—Ä–º–µ–π—Ü–µ–≤, –ø–æ–≥–∏–±—à–∏—Ö –ø—Ä–∏ –ø–æ–¥–∞–≤–ª–µ–Ω–∏–∏ –±—É–Ω—Ç–∞ –º–µ—Å—Ç–Ω—ã—Ö –∫—Ä–µ—Å—Ç—å—è–Ω.







–í 1931 –≥–æ–¥—É –î–µ–º–∏–¥–æ–≤—Å–∫–∏–π —Å—Ç–æ–ª–ø –±—ã–ª —Ä–∞–∑—Ä—É—à–µ–Ω, –∞ —Å–∞–º —Å–∞–¥ –ø–µ—Ä–µ–∏–º–µ–Ω–æ–≤–∞–Ω –≤ ¬´—Å–∫–≤–µ—Ä –ë—Ä–∞—Ç—Å–∫–∏—Ö –º–æ–≥–∏–ª¬ª. –ù–æ –≤ 2005 –≥–æ–¥—É –±—ã–ª —É—Å–ø–µ—à–Ω–æ –≤–æ—Å—Å–æ–∑–¥–∞–Ω –∏ –ø–æ–ª—É—á–∏–ª —Å–≤–æ—ë –ø–µ—Ä–≤–æ–Ω–∞—á–∞–ª—å–Ω–æ–µ –Ω–∞–∑–≤–∞–Ω–∏–µ, –∫—Å—Ç–∞—Ç–∏, –Ω–æ–≤—ã–π –ø–∞–º—è—Ç–Ω–∏–∫ –∏–º–µ–µ—Ç 100% –∫–æ–ø–∏—é —Å—Ç–∞—Ä–æ–≥–æ –∏ —è–≤–ª—è–µ—Ç—Å—è —Å–∞–º—ã–º –≤—ã—Å–æ–∫–∏–º –º–æ–Ω—É–º–µ–Ω—Ç–æ–º –≥–æ—Ä–æ–¥–∞ –Ø—Ä–æ—Å–ª–∞–≤–ª—è. –ê —Å–∞–¥—É –±—ã–ª–æ –≤–æ–∑–≤—Ä–∞—â–µ–Ω–æ –∏—Å—Ç–æ—Ä–∏—á–µ—Å–∫–æ–µ –Ω–∞–∑–≤–∞–Ω–∏–µ.







–î–µ–º–∏–¥–æ–≤—Å–∫–∏–π —Å–∞–¥ –≥–æ—Ç–æ–≤ –ø—Ä–∏–Ω—è—Ç—å —Å–≤–æ–∏—Ö –≥–æ—Å—Ç–µ–π –≤ –∞–±—Å–æ–ª—é—Ç–Ω–æ –ª—é–±–æ–µ –≤—Ä–µ–º—è, –Ω–µ–∑–∞–≤–∏—Å–∏–º–æ –æ—Ç –ø–æ–≥–æ–¥—ã –∏ –≤—Ä–µ–º–µ–Ω–∏ –≥–æ–¥–∞, –∏ –∫—Å—Ç–∞—Ç–∏, —Å–æ–≤–µ—Ä—à–µ–Ω–Ω–æ –±–µ—Å–ø–ª–∞—Ç–Ω–æ.üß≠ –ì–¥–µ: –≥. –Ø—Ä–æ—Å–ª–∞–≤–ª—å, –±—É–ª—å–≤–∞—Ä –ú–∏—Ä–∞‚åõ –ö–æ–≥–¥–∞: –µ–∂–µ–¥–Ω–µ–≤–Ω–æüí∞ –°—Ç–æ–∏–º–æ—Å—Ç—å: –±–µ—Å–ø–ª–∞—Ç–Ω–æ‚†Ä







112 –ø—Ä–æ—Å–º–æ—Ç—Ä–æ–≤¬∑3 –ø–æ–¥–µ–ª–∏–ª–∏—Å—å 





","–ö–∏–Ω–µ–º–∞—Ç–æ–≥—Ä–∞—Ñ–∏—á–µ—Å–∫–∏–π –Ø—Ä–æ—Å–ª–∞–≤–ª—å–ê—Ñ–∏—à–∞ –Ø—Ä–æ—Å–ª–∞–≤–ª—å | –Ø–≤–∫—É—Ä—Å–µ | –í—Å–µ –º–µ—Ä–æ–ø—Ä–∏—è—Ç–∏—è¬∑3 –∏—é–ª –≤ 16:14–°–∫–æ–ª—å–∫–æ –≤—Å–µ–≥–æ –±—ã–ª–æ —Å–Ω—è—Ç–æ —Ñ–∏–ª—å–º–æ–≤ üé¶ –Ω–∞ –Ø—Ä–æ—Å–ª–∞–≤—Å–∫–æ–π –∑–µ–º–ª–µ ‚Äì —Å–µ–≥–æ–¥–Ω—è –Ω–µ –±–µ—Ä–µ—Ç—Å—è –Ω–∞–∑–≤–∞—Ç—å –Ω–∏–∫—Ç–æ. –í —Ä–∞–∑–Ω—ã—Ö –∏—Å—Ç–æ—á–Ω–∏–∫–∞—Ö –ø—Ä–µ–¥—Å—Ç–∞–≤–ª–µ–Ω—ã —Å–ø–∏—Å–∫–∏, —Å–æ—Å—Ç–æ—è—â–∏–µ –∏–∑ 200 –∫–∞—Ä—Ç–∏–Ω! –ù–æ —Å–æ–≤–µ—Ä—à–µ–Ω–Ω–æ —Ç–æ—á–Ω–æ, —á—Ç–æ –Ω–µ –º–µ–Ω–µ–µ 100 –∏–∑ –Ω–∏—Ö —Å–Ω—è—Ç—ã –∑–∞ –ø–æ—Å–ª–µ–¥–Ω–∏–µ 20 –ª–µ—Ç, –∏ —ç—Ç–æ, –ø—Ä–µ–∂–¥–µ –≤—Å–µ–≥–æ, –±–ª–∞–≥–æ–¥–∞—Ä—è –∫–∏–Ω–æ–∫–æ–º–ø–∞–Ω–∏–∏ üéû ¬´–Ø—Ä—Å–∏–Ω–µ–º–∞¬ª, –µ–µ —Å–æ–∑–¥–∞—Ç–µ–ª—é –∏ –ø—Ä–æ–¥—é—Å–µ—Ä—É, –∞–∫—Ç–µ—Ä—É –Æ—Ä–∏—é –í–∞–∫—Å–º–∞–Ω—É.






–Æ—Ä–∏–π –í–∞–∫—Å–º–∞–Ω
–í —Ñ–∏–ª—å–º–∞—Ö, –∫–æ—Ç–æ—Ä—ã–µ —Å–Ω–∏–º–∞–ª–∏—Å—å –≤ –Ω–∞—à–µ–º –≥–æ—Ä–æ–¥–µ, –Ø—Ä–æ—Å–ª–∞–≤–ª—å üåÜ –ø–µ—Ä–µ–≤–æ–ø–ª–æ—â–∞–ª—Å—è –≤ –ú–æ—Å–∫–≤—É –∏ –û–¥–µ—Å—Å—É, –≤ –≤–æ–µ–Ω–Ω—ã–π –°—Ç–∞–ª–∏–Ω–≥—Ä–∞–¥ –∏ –∫—É–ø–µ—á–µ—Å–∫–∏–π –ø—Ä–æ–≤–∏–Ω—Ü–∏–∞–ª—å–Ω—ã–π –≥–æ—Ä–æ–¥ XIX –≤–µ–∫–∞. –Ø—Ä–æ—Å–ª–∞–≤–ª—å, –ø—Ä–∞–∫—Ç–∏—á–µ—Å–∫–∏, –º–æ–∂–µ—Ç —Å—ã–≥—Ä–∞—Ç—å —Ä–æ–ª—å –ª—é–±–æ–≥–æ –≥–æ—Ä–æ–¥–∞ –ª—é–±–æ–π —ç–ø–æ—Ö–∏. –û–¥–Ω–∞–∂–¥—ã –¥–∞–∂–µ –ø—Ä–æ–±–æ–≤–∞–ª–∏ —Å–Ω–∏–º–∞—Ç—å –ê—Ä–∞–±—Å–∫–∏–µ –≠–º–∏—Ä–∞—Ç—ã, –ï–≤—Ä–æ–ø—É ‚Äì –Ω–∞—à–ª–∏ –≤ –Ø—Ä–æ—Å–ª–∞–≤–ª–µ —É–≥–æ–ª–æ–∫ –ì–µ—Ä–º–∞–Ω–∏–∏: –≤ —Ä–∞–π–æ–Ω–µ –æ–±–ª–∞—Å—Ç–Ω–æ–≥–æ —Å—É–¥–∞, –Ω–∞ –§–ª–æ—Ç—Å–∫–æ–º —Å–ø—É—Å–∫–µ, –µ—Å—Ç—å –¥–æ–º–∞, –∫–æ—Ç–æ—Ä—ã–µ –ø–æ—Å—Ç—Ä–æ–µ–Ω—ã –≤ –Ω–µ–º–µ—Ü–∫–æ–º —Å—Ç–∏–ª–µ. –ê –≥–æ—Å—Ç–∏–Ω–∏—Ü—É üè® SK Royal –≤—ã–¥–∞–≤–∞–ª–∏ –∑–∞ —Ç—É—Ä–µ—Ü–∫—É—é. –í—Å–µ —ç—Ç–∏ —è—Ä–æ—Å–ª–∞–≤—Å–∫–∏–µ –≠–º–∏—Ä–∞—Ç—ã, –ì–µ—Ä–º–∞–Ω–∏—é –∏ –¢—É—Ä—Ü–∏—é –º–æ–∂–Ω–æ —É–≤–∏–¥–µ—Ç—å –≤ —Å–µ—Ä–∏–∞–ª–µ ¬´–°–ø–µ—Ü–∏–∞–ª–∏—Å—Ç¬ª‚Ä¶ –ê —Å—Ç–∞—Ä—ã–µ –¥–æ–º–∞ –∏ –∑–¥–∞–Ω–∏—è –±—ã–≤—à–µ–π —Ñ–∞–±—Ä–∏–∫–∏ ¬´–ö—Ä–∞—Å–Ω—ã–π –ü–µ—Ä–µ–∫–æ–ø¬ª –æ–∫–∞–∑–∞–ª–∏—Å—å –≤–µ—Å—å–º–∞ —É–±–µ–¥–∏—Ç–µ–ª—å–Ω—ã –≤ —Ä–æ–ª–∏ –†–æ—Å—Ç–æ–≤–∞-–Ω–∞-–î–æ–Ω—É, –ø–æ—ç—Ç–æ–º—É –ø–æ—á—Ç–∏ 90 –ø—Ä–æ—Ü–µ–Ω—Ç–æ–≤ —Å–µ—Ä–∏–∞–ª–∞ ¬´–†–æ—Å—Ç–æ–≤¬ª —Å–Ω–∏–º–∞–ª–∏ üìΩ –≤ –Ø—Ä–æ—Å–ª–∞–≤–ª–µ (–æ—Å—Ç–∞–ª—å–Ω—ã–µ —Å—ä–µ–º–∫–∏ –ø—Ä–æ—à–ª–∏ –≤ –ö–æ—Å—Ç—Ä–æ–º–µ). –ë–µ—Ä–µ–≥ –í–æ–ª–≥–∏ –ø–æ —Ä–∞—Å—Ç–∏—Ç–µ–ª—å–Ω–æ—Å—Ç–∏ –æ—á–µ–Ω—å –ø–æ—Ö–æ–∂ –Ω–∞ –±–µ—Ä–µ–≥ –î–æ–Ω–∞! –ê —Å—Ç–∞—Ä—ã–µ –¥–æ–º–∞ –Ω–∞—à–µ–≥–æ –≥–æ—Ä–æ–¥–∞ –æ—á–µ–Ω—å –±–ª–∏–∑–∫–∏ –∞—Ä—Ö–∏—Ç–µ–∫—Ç—É—Ä–µ –†–æ—Å—Ç–æ–≤–∞-–Ω–∞-–î–æ–Ω—É.






—Å–µ—Ä–∏–∞–ª–∞ ¬´–†–æ—Å—Ç–æ–≤¬ª
–ö–∏–Ω–µ–º–∞—Ç–æ–≥—Ä–∞—Ñ–∏—á–µ—Å–∫—É—é üé¨ —É–Ω–∏–≤–µ—Ä—Å–∞–ª—å–Ω–æ—Å—Ç—å –Ø—Ä–æ—Å–ª–∞–≤–ª—é –ø—Ä–∏–¥–∞–µ—Ç –∏–Ω—Ç–µ—Ä–µ—Å–Ω–∞—è –∞—Ä—Ö–∏—Ç–µ–∫—Ç—É—Ä–∞ –≥–æ—Ä–æ–¥–∞, –æ—Å–æ–±–µ–Ω–Ω–æ ‚Äì —Å–æ—Ö—Ä–∞–Ω–∏–≤—à–∞—è—Å—è —Å—Ç–∞—Ä–∏–Ω–Ω–∞—è. –ê —Ç–∞–∫–∂–µ ‚Äì —Ä–∞–∑–Ω–æ–æ–±—Ä–∞–∑–∏–µ –∞—Ä—Ö–∏—Ç–µ–∫—Ç—É—Ä–Ω—ã—Ö —Å—Ç–∏–ª–µ–π, –æ—Å–æ–±–µ–Ω–Ω–æ –≤ —Å–æ–≤—Ä–µ–º–µ–Ω–Ω–æ–π –∑–∞—Å—Ç—Ä–æ–π–∫–µ. –ù–∏ –≤ –æ–¥–Ω–æ–π –∫–∞—Ä—Ç–∏–Ω–µ –Ø—Ä–æ—Å–ª–∞–≤–ª—å –Ω–µ –ø–æ–≤—Ç–æ—Ä—è–µ—Ç—Å—è! –£–∑–Ω–∞–≤–∞–µ–º—ã —Ç–æ–ª—å–∫–æ –∑–Ω–∞–∫–æ–≤—ã–µ –º–µ—Å—Ç–∞ ‚Äì –Ω–∞–±–µ—Ä–µ–∂–Ω–∞—è, –±–µ—Å–µ–¥–∫–∞ –Ω–∞ –Ω–µ–π‚Ä¶ –ù–æ –Ω–∏ –≤ –æ–¥–Ω–æ–π –∫–∞—Ä—Ç–∏–Ω–µ –≥–æ—Ä–æ–¥ –Ω–µ —É–∑–Ω–∞—Ç—å. –î–∞–≤–∞–π—Ç–µ –≤—Å–ø–æ–º–Ω–∏–º —Å–∞–º—ã–µ –∑–Ω–∞–º–µ–Ω–∏—Ç—ã–µ —Ñ–∏–ª—å–º—ã, —Å–Ω—è—Ç—ã–µ –Ω–∞ –Ω–∞—à–µ–π –∑–µ–º–ª–µ üåÜ!üî∏ —Ñ–∏–ª—å–º ""–î–†–ê–ú–ê –ù–ê –í–û–õ–ì–ï"". –ü–µ—Ä–≤—ã–π —Ñ–∏–ª—å–º, —Å–Ω—è—Ç—ã–π –≤ –Ø—Ä–æ—Å–ª–∞–≤–ª–µ –≤ 1913 –≥–æ–¥—É –∏ –ø–æ–ª–æ–∂–∏–≤—à–∏–π –Ω–∞—á–∞–ª–æ –∂–∞–Ω—Ä—É –ø—Å–∏—Ö–æ–ª–æ–≥–∏—á–µ—Å–∫–æ–≥–æ üßü‚Äç‚ôÇÔ∏è —Ç—Ä–∏–ª–ª–µ—Ä–∞ –≤ –∫–∏–Ω–µ–º–∞—Ç–æ–≥—Ä–∞—Ñ–µ. ‚Äî –ì–µ—Ä–æ–∏–Ω—è –ª—é–±–∏—Ç –æ—Ç—Ü–æ–≤—Å–∫–æ–≥–æ –ø—Ä–∏–∫–∞–∑—á–∏–∫–∞. –ü–æ—è–≤–ª–µ–Ω–∏–µ –æ—Ç—Ü–∞, –∫–æ—Ç–æ—Ä—ã–π —Å–≤–∞—Ç–∞–µ—Ç –µ–µ –∑–∞ –±–æ–≥–∞—Ç–æ–≥–æ —Å—Ç–∞—Ä–∏–∫–∞, –∑–∞—Å—Ç–∞–≤–ª—è–µ—Ç —Å–ø—Ä—è—Ç–∞—Ç—å –≤–æ–∑–ª—é–±–ª–µ–Ω–Ω–æ–≥–æ –ø–æ–¥ –ø–µ—Ä–∏–Ω—É, –≥–¥–µ –æ–Ω –∑–∞–¥—ã—Ö–∞–µ—Ç—Å—è.






—Ñ–∏–ª—å–º ""–î–†–ê–ú–ê –ù–ê –í–û–õ–ì–ï¬ª
üî∏ ¬´–ß–ò–°–¢–û–ï –ù–ï–ë–û¬ª ‚Äî —Ö—É–¥–æ–∂–µ—Å—Ç–≤–µ–Ω–Ω—ã–π —Ñ–∏–ª—å–º ‚úà, —Å–Ω—è—Ç—ã–π –≤ 1961 –≥–æ–¥—É —Ä–µ–∂–∏—Å—Å—ë—Ä–æ–º –ì—Ä–∏–≥–æ—Ä–∏–µ–º –ß—É—Ö—Ä–∞–µ–º. –í —Ñ–∏–ª—å–º–µ –≤–∏–¥–Ω—ã —É–ª–∏—Ü–∞ –°—É—Ä–∫–æ–≤–∞, –í–æ–ª–∂—Å–∫–∞—è –Ω–∞–±–µ—Ä–µ–∂–Ω–∞—è, –†–µ—á–Ω–æ–π –≤–æ–∫–∑–∞–ª, –°—Ç—Ä–µ–ª–∫–∞. –ß–∞—Å—Ç—å —ç–ø–∏–∑–æ–¥–æ–≤ —Å–Ω–∏–º–∞–ª–∞—Å—å –Ω–∞ –Ø—Ä–æ—Å–ª–∞–≤—Å–∫–æ–º –º–æ—Ç–æ—Ä–Ω–æ–º –∑–∞–≤–æ–¥–µ. –í —ç—Ç–æ–π –∫–∞—Ä—Ç–∏–Ω–µ —Å—ã–≥—Ä–∞–ª –æ–¥–Ω—É –∏–∑ —Å–≤–æ–∏—Ö –ø–µ—Ä–≤—ã—Ö —Ä–æ–ª–µ–π –û–ª–µ–≥ –¢–∞–±–∞–∫–æ–≤.






—Ñ–∏–ª—å–º ¬´–ß–ò–°–¢–û–ï –ù–ï–ë–û¬ª 
üî∏ ""–ñ–ï–ù–©–ò–ù–´"" ‚Äî —Å–æ–≤–µ—Ç—Å–∫–∞—è –º–µ–ª–æ–¥—Ä–∞–º–∞ üë© 1966 –≥–æ–¥–∞ –∏–∑ —Ç—Ä—ë—Ö —Å–µ–Ω—Ç–∏–º–µ–Ω—Ç–∞–ª—å–Ω—ã—Ö –Ω–æ–≤–µ–ª–ª –ø–æ –æ–¥–Ω–æ–∏–º–µ–Ω–Ω–æ–º—É —Ä–∞—Å—Å–∫–∞–∑—É –ò—Ä–∏–Ω—ã –í–µ–ª–µ–º–±–æ–≤—Å–∫–æ–π. –û–¥–∏–Ω –∏–∑ –ª–∏–¥–µ—Ä–æ–≤ —Å–æ–≤–µ—Ç—Å–∫–æ–≥–æ –∫–∏–Ω–æ–ø—Ä–æ–∫–∞—Ç–∞ 1966 –≥–æ–¥–∞.






—Ñ–∏–ª—å–º ¬´–ñ–ï–ù–©–ò–ù–´¬ª
üî∏ ¬´–ë–û–õ–¨–®–ê–Ø –ü–ï–†–ï–ú–ï–ù–ê¬ª ‚Äî —Å–æ–≤–µ—Ç—Å–∫–∏–π —á–µ—Ç—ã—Ä—ë—Ö—Å–µ—Ä–∏–π–Ω—ã–π —Ö—É–¥–æ–∂–µ—Å—Ç–≤–µ–Ω–Ω—ã–π —Ç–µ–ª–µ–≤–∏–∑–∏–æ–Ω–Ω—ã–π —Ñ–∏–ª—å–º, —Å–Ω—è—Ç—ã–π –≤ 1972‚Äî1973 –≥–æ–¥–∞—Ö —Ä–µ–∂–∏—Å—Å—ë—Ä–æ–º –ê–ª–µ–∫—Å–µ–µ–º –ö–æ—Ä–µ–Ω–µ–≤—ã–º –ø–æ –º–æ—Ç–∏–≤–∞–º –ø–æ–≤–µ—Å—Ç–∏ –ì. –°–∞–¥–æ–≤–Ω–∏–∫–æ–≤–∞ ¬´–ò–¥—É –∫ –ª—é–¥—è–º¬ª (–≤ –ø–æ—Å–ª–µ–¥–Ω–∏–µ –≥–æ–¥—ã –∏–∑–¥–∞—ë—Ç—Å—è –ø–æ–¥ –Ω–∞–∑–≤–∞–Ω–∏–µ–º üè´ ¬´–ë–æ–ª—å—à–∞—è –ø–µ—Ä–µ–º–µ–Ω–∞¬ª). –ü—Ä–µ–º—å–µ—Ä–∞ —Ñ–∏–ª—å–º–∞ –Ω–∞ –¢–í —Å–æ—Å—Ç–æ—è–ª–∞—Å—å 29 –∞–ø—Ä–µ–ª—è 1973 –≥–æ–¥–∞. –≠—Ç–æ –ø–µ—Ä–≤—ã–π —Ñ–∏–ª—å–º, –ø–æ–ª–Ω–æ—Å—Ç—å—é —Å–Ω—è—Ç—ã–π –≤ –Ø—Ä–æ—Å–ª–∞–≤–ª–µ. –í —Ñ–∏–ª—å–º–µ –º–æ–∂–Ω–æ —É–≤–∏–¥–µ—Ç—å –°—Ç—Ä–µ–ª–∫—É, –ú–µ–¥–≤–µ–¥–∏—Ü–∫–∏–π –æ–≤—Ä–∞–≥ –∏ –í–æ–ª–∫–æ–≤—Å–∫–∏–π —Ç–µ–∞—Ç—Ä. –ö—Å—Ç–∞—Ç–∏, —Å—Ü–µ–Ω—É —Å–ø–∞—Å–µ–Ω–∏—è –∏–∑ —Ä–µ–∫–∏ –ù–µ—Å—Ç–æ—Ä–∞ –ü–µ—Ç—Ä–æ–≤–∏—á–∞ –ø—Ä–∏–¥—É–º–∞–ª–∏ –ø—Ä—è–º–æ –Ω–∞ —Å—ä–µ–º–∫–∞—Ö –≤ –Ø—Ä–æ—Å–ª–∞–≤–ª–µ.






—Ñ–∏–ª—å–º ¬´–ë–û–õ–¨–®–ê–Ø –ü–ï–†–ï–ú–ï–ù–ê¬ª
üî∏ –ù–µ –º–æ–≥–ª–∏ –Ω–µ –æ—Ç–º–µ—Ç–∏—Ç—å —Ñ–∏–ª—å–º ¬´–°–í–û–ô –ü–ê–†–ï–ù–¨¬ª 1973 –≥–æ–¥–∞. –û–Ω –æ–¥–∏–Ω –∏–∑ —Å–∞–º—ã—Ö —è—Ä–æ—Å–ª–∞–≤—Å–∫–∏—Ö —Ñ–∏–ª—å–º–æ–≤! –î–µ–π—Å—Ç–≤–∏–µ –∫–∞—Ä—Ç–∏–Ω—ã –ø—Ä–æ–∏—Å—Ö–æ–¥–∏—Ç –Ω–∞ —Ñ–æ–Ω–µ –æ—á–µ–Ω—å —É–∑–Ω–∞–≤–∞–µ–º—ã—Ö –º–µ—Å—Ç. –í –∫–∞—Ä—Ç–∏–Ω–µ –ø—Ä–∏—Å—É—Ç—Å—Ç–≤—É—é—Ç –≤–∏–¥—ã –°–æ–≤–µ—Ç—Å–∫–æ–π –ø–ª–æ—â–∞–¥–∏ –∏ –°–æ–≤–µ—Ç—Å–∫–æ–π —É–ª–∏—Ü—ã, –ø–ª–æ—â–∞–¥–∏ –í–æ–ª–∫–æ–≤–∞, –ë–æ–≥–æ—è–≤–ª–µ–Ω—Å–∫–æ–π –ø–ª–æ—â–∞–¥–∏, —É–ª–∏—Ü—ã –ö–∏—Ä–æ–≤–∞, –í–æ–ª–∂—Å–∫–æ–π –Ω–∞–±–µ—Ä–µ–∂–Ω–æ–π, —Ç–æ—Ä–≥–æ–≤—ã—Ö —Ä—è–¥–æ–≤ –Ω–∞ –ü–µ—Ä–≤–æ–º–∞–π—Å–∫–æ–π —É–ª–∏—Ü–µ, –†–µ—á–Ω–æ–≥–æ –≤–æ–∫–∑–∞–ª–∞ –∏ —É–ª–∏—Ü—ã –ê–Ω–¥—Ä–æ–ø–æ–≤–∞. ‚Äî –î–µ–≤—É—à–∫–∞ –¢–æ–Ω—è –∏–∑ –æ–±—â–µ–∂–∏—Ç–∏—è –º–µ—á—Ç–∞–µ—Ç –æ üíû–ª—é–±–≤–∏..–∞ –¥–ª—è –≤—Å–µ—Ö –æ–Ω–∞ —Å–≤–æ–π –ø–∞—Ä–µ–Ω—å.






—Ñ–∏–ª—å–º ¬´–°–í–û–ô –ü–ê–†–ï–ù–¨¬ª
üî∏ ¬´–ê–§–û–ù–Ø¬ª ‚Äî —Å–æ–≤–µ—Ç—Å–∫–∞—è –∫–∏–Ω–æ–∫–æ–º–µ–¥–∏—è üé¶ –∫–∏–Ω–æ—Ä–µ–∂–∏—Å—Å—ë—Ä–∞ –ì–µ–æ—Ä–≥–∏—è –î–∞–Ω–µ–ª–∏–∏, —Å–Ω—è—Ç–∞—è –≤ 1975 –≥–æ–¥—É. –ë–æ–ª—å—à–∞—è —á–∞—Å—Ç—å —Ñ–∏–ª—å–º–∞ —Å–Ω–∏–º–∞–ª–∞—Å—å –≤ –Ø—Ä–æ—Å–ª–∞–≤–ª–µ. –ò—Å—Ç–æ—Ä–∏—è —Ä–∞–∑–≤–æ—Ä–∞—á–∏–≤–∞–µ—Ç—Å—è –Ω–∞ —Ñ–æ–Ω–µ —è—Ä–æ—Å–ª–∞–≤—Å–∫–∏—Ö –ø–µ–π–∑–∞–∂–µ–π: –≤ –∫–∞–¥—Ä–µ –ø–ª–æ—â–∞–¥—å –í–æ–ª–∫–æ–≤–∞ –∏ –ø–ª–æ—â–∞–¥—å –¢—Ä—É–¥–∞, –°–æ–≤–µ—Ç—Å–∫–∞—è –ø–ª–æ—â–∞–¥—å, –°–ø–∞—Å–æ-–ü—Ä–µ–æ–±—Ä–∞–∂–µ–Ω—Å–∫–∏–π –º–æ–Ω–∞—Å—Ç—ã—Ä—å, —Ü–µ—Ä–∫–æ–≤—å –ù–∏–∫–æ–ª—ã –†—É–±–ª–µ–Ω—ã–π –≥–æ—Ä–æ–¥ –∏ —Ü–µ—Ä–∫–æ–≤—å –°–ø–∞—Å–∞ –Ω–∞ –ì–æ—Ä–æ–¥—É, –∫–∞—Ñ–µ ¬´–ê—Å—Å–æ–ª—å¬ª, —É–Ω–∏–≤–µ—Ä–º–∞–≥ ¬´–Ø—Ä–æ—Å–ª–∞–≤–ª—å¬ª –Ω–∞ —É–ª–∏—Ü–µ –°–≤–æ–±–æ–¥—ã –∏ –±—Ä–∞–≥–∏–Ω—Å–∫–∏–µ –ø—è—Ç–∏—ç—Ç–∞–∂–∫–∏ –≤ —Ä–∞–π–æ–Ω–µ ¬´–ü–µ–ª—å–º–µ–Ω–Ω–æ–π¬ª –Ω–∞ –ø—Ä–æ—Å–ø–µ–∫—Ç–µ –î–∑–µ—Ä–∂–∏–Ω—Å–∫–æ–≥–æ. –°–µ–ª–æ –î–∏–µ–≤–æ-–ì–æ—Ä–æ–¥–∏—â–µ —Å—Ç–∞–ª–æ –ø—Ä–æ—Ç–æ—Ç–∏–ø–æ–º –¥–µ—Ä–µ–≤–Ω–∏ –ë–æ—Ä—â–æ–≤–∫–∏.






—Ñ–∏–ª—å–º ¬´–ê–§–û–ù–Ø¬ª
üî∏ –í –Ø—Ä–æ—Å–ª–∞–≤–ª–µ —Å–Ω–∏–º–∞–ª–∏ —Å—Ü–µ–Ω—ã –ø–µ—Ä–≤–æ–≥–æ —Å–æ–≤–µ—Ç—Å–∫–æ–≥–æ —Ñ–∏–ª—å–º–∞-–∫–∞—Ç–∞—Å—Ç—Ä–æ—Ñ—ã –≠–ö–ò–ü–ê–ñ¬ª 3 –º–µ—Å—Ç–æ –ø—Ä–æ–∫–∞—Ç–∞ –≤ 1980 –≥–æ–¥—É. –ù–∞ –≤–µ—Ä—Ç–æ–ª–µ—Ç–µ –ú–ò-2 –≥–µ—Ä–æ–π —Ñ–∏–ª—å–º–∞ –ª–µ—Ç–∞–µ—Ç üõ© –Ω–∞–¥ —Ü–µ–Ω—Ç—Ä–æ–º –Ø—Ä–æ—Å–ª–∞–≤–ª—è –∏ –Ω–∞–¥ –¢—É—Ç–∞–µ–≤–æ–º. –ú—ã –≤–∏–¥–∏–º –≥–µ—Ä–æ—è –Ω–∞ –æ—Å—Ç–∞–Ω–æ–≤–∫–µ –ø—è—Ç–æ–≥–æ —Ç—Ä–æ–ª–ª–µ–π–±—É—Å–∞ –Ω–∞ –ø–ª–æ—â–∞–¥–∏ –ü–æ–¥–±–µ–ª—å—Å–∫–æ–≥–æ, –Ω–∞ —Ñ–æ–Ω–µ –ì–ª–∞–≤–ø–æ—á—Ç–∞–º—Ç–∞. –í —Ñ–∏–ª—å–º–µ –≤–∏–¥–Ω–∞ –ö–∞–∑–∞–Ω—Å–∫–∞—è –ü—Ä–µ–æ–±—Ä–∞–∂–µ–Ω—Å–∫–∞—è —Ü–µ—Ä–∫–æ–≤—å –≤ –¢—É—Ç–∞–µ–≤–µ, —Ç–∞–Ω—Ü–ø–ª–æ—â–∞–¥–∫–∞ –Ω–∞ –º–µ—Å—Ç–µ —Å—Ç–∞–¥–∏–æ–Ω–∞ ¬´–°–ø–∞—Ä—Ç–∞–∫–æ–≤–µ—Ü¬ª, —Ü–µ—Ä–∫–æ–≤—å –°–ø–∞—Å–∞ –Ω–∞ –ì–æ—Ä–æ–¥—É, –ö–æ—Ç–æ—Ä–æ—Å–ª—å–Ω–∞—è –Ω–∞–±–µ—Ä–µ–∂–Ω–∞—è, —É–ª–∏—Ü—ã –î–µ–ø—É—Ç–∞—Ç—Å–∫–∞—è, –ü–µ—Ä–≤–æ–º–∞–π—Å–∫–∞—è, —Ü–µ—Ä–∫–æ–≤—å –ù–∏–∫–æ–ª—ã –†—É–±–ª–µ–Ω—ã–π –≥–æ—Ä–æ–¥, –ø–ª–æ—â–∞–¥—å –í–æ–ª–∫–æ–≤–∞.






—Ñ–∏–ª—å–º ¬´–≠–ö–ò–ü–ê–ñ¬ª
üî∏ ¬´–í–û–†¬ª —Ö—É–¥–æ–∂–µ—Å—Ç–≤–µ–Ω–Ω—ã–π —Ñ–∏–ª—å–º 1997 –≥–æ–¥–∞. –ù–µ—É—Å—Ç—Ä–æ–µ–Ω–Ω—ã–π –ø–æ—Å–ª–µ–≤–æ–µ–Ω–Ω—ã–π –±—ã—Ç —Å–Ω–∏–º–∞–ª–∏ –≤ –±–∞—Ä–∞–∫–∞—Ö –≤ —Ä–∞–π–æ–Ω–µ —Ñ–∞–±—Ä–∏–∫–∏ ¬´–ö—Ä–∞—Å–Ω—ã–π –ü–µ—Ä–µ–∫–æ–ø¬ª. –¢–∞–∫–∂–µ –º–µ–ª—å–∫–∞—é—Ç –≤ —Ñ–∏–ª—å–º–µ –≤–æ–∫–∑–∞–ª –Ø—Ä–æ—Å–ª–∞–≤–ª—å-–ì–ª–∞–≤–Ω—ã–π –∏ –∂–∏–ª–æ–π –¥–æ–º –Ω–∞ —É–≥–ª—É —É–ª–∏—Ü –°–æ–≤–µ—Ç—Å–∫–æ–π –∏ –ö–µ–¥—Ä–æ–≤–∞.






—Ñ–∏–ª—å–º ""–í–û–†¬ª
üî∏ ¬´–î–û–ö–¢–û–† –ñ–ò–í–ê–ì–û¬ª 2004 –≥–æ–¥. –ù–µ—Å–∫–æ–ª—å–∫–æ —ç–ø–∏–∑–æ–¥–æ–≤ —Å–µ—Ä–∏–∞–ª–∞ —Å–Ω–∏–º–∞–ª–∏ –≤ –¥–µ—Ä–µ–≤–Ω–µ –ö—Ä–∞—Å–Ω—ã–π –ë–æ—Ä –¢—É—Ç–∞–µ–≤—Å–∫–æ–≥–æ —Ä–∞–π–æ–Ω–∞. –¢–∞–º –æ—Ä–≥–∞–Ω–∏–∑–æ–≤–∞–ª–∏ –≤–æ–µ–Ω–Ω–æ-–ø–æ–ª–µ–≤–æ–π –ª–∞–∑–∞—Ä–µ—Ç –≤—Ä–µ–º–µ–Ω –ü–µ—Ä–≤–æ–π –º–∏—Ä–æ–≤–æ–π –≤–æ–π–Ω—ã üî´. –°—ã–≥—Ä–∞—Ç—å —Ä–∞–Ω–µ–Ω—ã—Ö —Å–æ–ª–¥–∞—Ç –ø—Ä–∏–≥–ª–∞—Å–∏–ª–∏ —Å—Ç–∞—Ä—à–µ–∫–ª–∞—Å—Å–Ω–∏–∫–æ–≤ —Ç—É—Ç–∞–µ–≤—Å–∫–æ–π —à–∫–æ–ª—ã. –†–æ–ª—å –ö—Ä–µ—Å—Ç–æ–≤–æ–∑–¥–≤–∏–∂–µ–Ω—Å–∫–æ–π –±–æ–ª—å–Ω–∏—Ü—ã —Å—ã–≥—Ä–∞–ª–∞ –±–æ–ª—å–Ω–∏—Ü–∞ 8 –ú–∞—Ä—Ç–∞ –≤ –Ø—Ä–æ—Å–ª–∞–≤–ª–µ. –ü–æ–ø–∞–ª –≤ –∫–∞–¥—Ä –∏ —Ä–µ—Å—Ç–æ—Ä–∞–Ω ¬´–ë—Ä–∏—Å—Ç–æ–ª—å¬ª –Ω–∞ —É–≥–ª—É —É–ª–∏—Ü –ö–∏—Ä–æ–≤–∞ –∏ –ê–Ω–¥—Ä–æ–ø–æ–≤–∞, –∫–æ—Ä–ø—É—Å–∞ —Å—Ç–∞—Ä–æ–≥–æ –ì–æ—Å—Ç–∏–Ω–æ–≥–æ –¥–≤–æ—Ä–∞ –Ω–∞ —É–ª–∏—Ü–µ –ù–∞—Ö–∏–º—Å–æ–Ω–∞. –õ–∞—Ä–∞ –≤—Å—Ç—Ä–µ—á–∞–µ—Ç—Å—è —Å –ü–∞–≤–ª–æ–º –ê–Ω—Ç–∏–ø–æ–≤—ã–º –≤ —Ä–∞–π–æ–Ω–µ —Ñ–∞–±—Ä–∏–∫–∏ ¬´–ö—Ä–∞—Å–Ω—ã–π –ü–µ—Ä–µ–∫–æ–ø¬ª. –í–µ–Ω—á–∞–Ω–∏–µ –≥–µ—Ä–æ–µ–≤ —Å–Ω–∏–º–∞–ª–∏ –≤ —Ü–µ—Ä–∫–≤–∏ ‚õ™ –ò–ª—å–∏ –ü—Ä–æ—Ä–æ–∫–∞. –®–∫–æ–ª—É, –≥–¥–µ —Ä–∞–±–æ—Ç–∞–µ—Ç –õ–∞—Ä–∞, —Å–Ω–∏–º–∞–ª–∏ –≤ –¢—É—Ç–∞–µ–≤–µ. –ì–µ—Ä–æ–∏–Ω—è –≤—Å—Ç—Ä–µ—á–∞–µ—Ç—Å—è —Å –¥–∏—Ä–µ–∫—Ç–æ—Ä–æ–º —à–∫–æ–ª—ã –Ω–∞ —Ñ–æ–Ω–µ –ö–∞–∑–∞–Ω—Å–∫–æ–π —Ü–µ—Ä–∫–≤–∏. –°—Ç–∞–Ω –∞–Ω–∞—Ä—Ö–∏—Å—Ç–æ–≤ –≤ –¥–µ—Ä–µ–≤–Ω–µ –ó—ã–±—É—à–∫–∏–Ω–æ —Å–Ω–∏–º–∞–ª–∏ –Ω–∞ –¥–∞—á–µ –∫—É–ø—Ü–∞ –°–æ—Ä–æ–∫–∏–Ω–∞ –≤ –ö—Ä–∞—Å–Ω–æ–º –ë–æ—Ä—É, –∞ —Ü–µ—Ä–∫–æ–≤—å –£—Å–ø–µ–Ω–∏—è ‚Äì –Ω–∞ —Å–∞–º–æ–º –¥–µ–ª–µ —Ö—Ä–∞–º –ü–æ–∫—Ä–æ–≤–∞ –ë–æ–∂–∏–µ–π –ú–∞—Ç–µ—Ä–∏ –≤ —Å–µ–ª–µ –í–µ–ª–∏–∫–æ–º –ì–∞–≤—Ä–∏–ª–æ–≤-–Ø–º—Å–∫–æ–≥–æ —Ä–∞–π–æ–Ω–∞.






—Ñ–∏–ª—å–º ""–î–û–ö–¢–û–† –ñ–ò–í–ê–ì–û¬ª
üî∏ ¬´–ö–û–¢–û–í–°–ö–ò–ô¬ª ‚Äî 2010 –≥–æ–¥. –≠–ø–∏–∑–æ–¥—ã –º–Ω–æ–≥–æ—Å–µ—Ä–∏–π–Ω–æ–≥–æ —Ñ–∏–ª—å–º–∞ ‚öî —Å–Ω–∏–º–∞–ª–∏ –≤ –Ø—Ä–æ—Å–ª–∞–≤—Å–∫–æ–º —Ç–µ–∞—Ç—Ä–µ –∏–º–µ–Ω–∏ –í–æ–ª–∫–æ–≤–∞. –ü–æ —Å—é–∂–µ—Ç—É —ç—Ç–æ –ö–∏—à–∏–Ω–µ–≤—Å–∫–∏–π —Ç–µ–∞—Ç—Ä –¥—Ä–∞–º—ã 1906 –≥–æ–¥–∞. –í —Ä–æ–ª—è—Ö –≤—Ç–æ—Ä–æ–≥–æ –ø–ª–∞–Ω–∞ –∏ —ç–ø–∏–∑–æ–¥–∞—Ö —Å–Ω—è–ª–∏—Å—å –∞–∫—Ç–µ—Ä—ã —Ç–µ–∞—Ç—Ä–∞ –∏–º–µ–Ω–∏ –í–æ–ª–∫–æ–≤–∞, –Ø—Ä–æ—Å–ª–∞–≤—Å–∫–æ–≥–æ –¢–Æ–ó–∞, –Ø—Ä–æ—Å–ª–∞–≤—Å–∫–æ–≥–æ –∫–∞–º–µ—Ä–Ω–æ–≥–æ —Ç–µ–∞—Ç—Ä–∞ –∏ —Å—Ç—É–¥–µ–Ω—Ç—ã —Ç–µ–∞—Ç—Ä–∞–ª—å–Ω–æ–≥–æ –∏–Ω—Å—Ç–∏—Ç—É—Ç–∞. –í —Ä–æ–ª–∏ –¥–æ—Ä–µ–≤–æ–ª—é—Ü–∏–æ–Ω–Ω–æ–≥–æ –ö–∏—à–∏–Ω–µ–≤–∞ –≤—ã—Å—Ç—É–ø–∏–ª–∏ –í–æ–ª–∂—Å–∫–∞—è –Ω–∞–±–µ—Ä–µ–∂–Ω–∞—è, –ì—É–±–µ—Ä–Ω–∞—Ç–æ—Ä—Å–∫–∏–π –ø–∞—Ä–∫, –ø–ª–æ—â–∞–¥—å –ß–µ–ª—é—Å–∫–∏–Ω—Ü–µ–≤, –†–µ–≤–æ–ª—é—Ü–∏–æ–Ω–Ω–∞—è —É–ª–∏—Ü–∞ üèò –∏ –î–µ–º–∏–¥–æ–≤—Å–∫–∏–π —Å–∫–≤–µ—Ä. –°–ø–∞—Å–æ-–ü—Ä–µ–æ–±—Ä–∞–∂–µ–Ω—Å–∫–∏–π –º–æ–Ω–∞—Å—Ç—ã—Ä—å –∑–∞–º–µ–Ω–∏–ª –ö–∏—à–∏–Ω–µ–≤—Å–∫–∏–π —Ç—é—Ä–µ–º–Ω—ã–π –∑–∞–º–æ–∫, –∞ –¥–æ–º ‚Ññ 7 –ø–æ —É–ª–∏—Ü–µ –°–æ–≤–µ—Ç—Å–∫–æ–π —Å—Ç–∞–ª —é–≤–µ–ª–∏—Ä–Ω–æ–π –ª–∞–≤–∫–æ–π –ì–æ–ª–¥–µ–Ω–±–µ—Ä–≥–∞. –í —Ñ–∏–ª—å–º–µ –ø—Ä–∏—Å—É—Ç—Å—Ç–≤—É—é—Ç –∏–Ω—Ç–µ—Ä—å–µ—Ä—ã –∫–∞—Ñ–µ ¬´–ê–∫—Ç–µ—Ä¬ª, —Ä–µ—Å—Ç–æ—Ä–∞–Ω–∞ ¬´–í–ª–∞—Å—å–µ–≤—Å–∫–∏–π¬ª, –Ø—Ä–æ—Å–ª–∞–≤—Å–∫–æ–≥–æ —Ö—É–¥–æ–∂–µ—Å—Ç–≤–µ–Ω–Ω–æ–≥–æ –º—É–∑–µ—è. –ü–æ–º–µ—Å—Ç—å–µ –°–µ–º–∏–≥—Ä–∞–¥–æ–≤–∞ —Å–Ω–∏–º–∞–ª–∏ –≤ –ö–∞—Ä–∞–±–∏—Ö–µ.






—Ñ–∏–ª—å–º ""–ö–û–¢–û–í–°–ö–ò–ô¬ª
üî∏ ¬´–Ø–†–û–°–õ–ê–í. –¢–´–°–Ø–ß–£ –õ–ï–¢ –ù–ê–ó–ê–î¬ª. –ù–∏—á–µ–≥–æ —É–¥–∏–≤–∏—Ç–µ–ª—å–Ω–æ–≥–æ, —á—Ç–æ –∫–∞—Ä—Ç–∏–Ω—É –æ–± –æ—Å–Ω–æ–≤–∞—Ç–µ–ª–µ –Ø—Ä–æ—Å–ª–∞–≤–ª—è —Å–Ω–∏–º–∞–ª–∏ –≤ –Ø—Ä–æ—Å–ª–∞–≤—Å–∫–æ–π –æ–±–ª–∞—Å—Ç–∏. –î–ª—è —Å—ä–µ–º–æ–∫ –º–µ–∂–¥—É –Ø—Ä–æ—Å–ª–∞–≤–ª–µ–º –∏ –¢—É—Ç–∞–µ–≤–æ–º –ø–æ—Å—Ç—Ä–æ–∏–ª–∏ –æ–≥—Ä–æ–º–Ω—É—é –¥–µ–∫–æ—Ä–∞—Ü–∏—é üè∞ ‚Äì –∑–¥–µ—Å—å –≤–æ–∑–≤–µ–ª–∏ –∫–Ω—è–∂–µ—Å–∫–∏–π –¥–≤–æ—Ä, –ø–∞—Ä–∞–¥–Ω—ã–π –≤—ä–µ–∑–¥ –≤ –≥–æ—Ä–æ–¥, –∫–Ω—è–∂–µ—Å–∫–∏–µ —Ö–æ—Ä–æ–º—ã, –ø—ã—Ç–æ—á–Ω—É—é –∏ —è–∑—ã—á–µ—Å–∫–æ–µ –∫–∞–ø–∏—â–µ.






—Ñ–∏–ª—å–º ¬´–Ø–†–û–°–õ–ê–í. –¢–´–°–Ø–ß–£ –õ–ï–¢ –ù–ê–ó–ê–î¬ª
üî∏ ¬´–ê–†–ò–¢–ú–ò–Ø¬ª ‚Äì –æ–¥–Ω–∞ –∏–∑ —Å–∞–º—ã—Ö –æ–±—Å—É–∂–¥–∞–µ–º—ã—Ö –∫–∞—Ä—Ç–∏–Ω –ø–æ—Å–ª–µ–¥–Ω–∏—Ö –ª–µ—Ç (2017). –ü—Ä–∏–º–µ—á–∞—Ç–µ–ª—å–Ω–æ, —á—Ç–æ —ç—Ç–æ—Ç —Ñ–∏–ª—å–º –±—ã–ª –ø—Ä–∞–∫—Ç–∏—á–µ—Å–∫–∏ –ø–æ–ª–Ω–æ—Å—Ç—å—é —Å–Ω—è—Ç –≤ –Ø—Ä–æ—Å–ª–∞–≤–ª–µ –∏ —É–ª–∏—Ü—ã üèò , –ø–æ–∫–∞–∑–∞–Ω–Ω—ã–µ –∑—Ä–∏—Ç–µ–ª—è–º, –º–æ–∂–Ω–æ —É–∑–Ω–∞—Ç—å –±–µ–∑ –æ—Å–æ–±–æ–≥–æ —Ç—Ä—É–¥–∞. –ü—Ä–∏—á—ë–º –≤ –∫–∞–¥—Ä—ã –ø–æ–ø–∞–ª –Ω–µ —Ç–æ–ª—å–∫–æ —Ü–µ–Ω—Ç—Ä, –Ω–æ –∏ –¥–≤–æ—Ä—ã –î–∑–µ—Ä–∂–∏–Ω—Å–∫–æ–≥–æ —Ä–∞–π–æ–Ω–∞, –±–æ–ª—å–Ω–∏—Ü–∞ üöë –Ω–∞ –°—É–∑–¥–∞–ª—å—Å–∫–æ–º —à–æ—Å—Å–µ –∏ –¥–∞–∂–µ –ø—Ä–æ–º–∑–æ–Ω–∞ –Ω–µ–¥–∞–ª–µ–∫–æ –æ—Ç ¬´–°–æ–ª–æ–≤—å—ë–≤–∫–∏¬ª. 






—Ñ–∏–ª—å–º ¬´–ê–†–ò–¢–ú–ò–Ø¬ª
–≠—Ç–æ –¥–∞–ª–µ–∫–æ –Ω–µ –≤—Å–µ —Ñ–∏–ª—å–º—ã, –ø—Ä–æ –∫–æ—Ç–æ—Ä—ã–µ –º—ã —Ö–æ—Ç–µ–ª–∏ –±—ã —Ä–∞—Å—Å–∫–∞–∑–∞—Ç—å, —Å–∫–æ—Ä–µ–µ, –±–æ–ª—å—à–∞—è –∏—Ö —á–∞—Å—Ç—å. –í –Ω–∞—Å—Ç–æ—è—â–µ–µ –≤—Ä–µ–º—è —Å—ä–µ–º–∫–∏ üìΩ —Ñ–∏–ª—å–º–æ–≤ –≤ –Ø—Ä–æ—Å–ª–∞–≤—Å–∫–æ–π –æ–±–ª–∞—Å—Ç–∏ –ø—Ä–æ–¥–æ–ª–∂–∞—é—Ç—Å—è. –ï–∂–µ–≥–æ–¥–Ω–æ —Å–Ω–∏–º–∞–µ—Ç—Å—è 10-20 –ø—Ä–æ–µ–∫—Ç–æ–≤ ‚Äì –æ—Ç —Å–µ—Ä–∏–∞–ª–æ–≤ –¥–æ –ø–æ–ª–Ω–æ–º–µ—Ç—Ä–∞–∂–Ω—ã—Ö üé¨ –ª–µ–Ω—Ç. –ò –≤—Å—Ç—Ä–µ—Ç–∏—Ç—å ¬´–∫–∏–Ω–æ—à–Ω–∏–∫–æ–≤¬ª –¥–∞–∂–µ –≤ —Å–æ—Å–µ–¥–Ω–µ–º –¥–≤–æ—Ä–µ –∏–ª–∏ —É —Å–æ–±—Å—Ç–≤–µ–Ω–Ω–æ–≥–æ –ø–æ–¥—ä–µ–∑–¥–∞ –¥–ª—è —è—Ä–æ—Å–ª–∞–≤—Ü–µ–≤ ‚Äì –æ–±—ã—á–Ω–æ–µ –¥–µ–ª–æ)) –°–ø–∞—Å–∏–±–æ –±–æ–ª—å—à–æ–µ –∑–∞ –∏—Å–ø–æ–ª—å–∑—É–µ–º—ã–π –º–∞—Ç–µ—Ä–∏–∞–ª https://elitniy.ru/ 111 –ø—Ä–æ—Å–º–æ—Ç—Ä–æ–≤¬∑3 –ø–æ–¥–µ–ª–∏–ª–∏—Å—å 





","–ò—Å—Ç–æ—Ä–∏–∫–æ-–∫—É–ª—å—Ç—É—Ä–Ω—ã–π –∫–æ–º–ø–ª–µ–∫—Å ""–í—è—Ç—Å–∫–æ–µ¬ª–ê—Ñ–∏—à–∞ –Ø—Ä–æ—Å–ª–∞–≤–ª—å | –Ø–≤–∫—É—Ä—Å–µ | –í—Å–µ –º–µ—Ä–æ–ø—Ä–∏—è—Ç–∏—è¬∑1 –∏—é–ª –≤ 14:41–ò—Å—Ç–æ—Ä–∏–∫–æ-–∫—É–ª—å—Ç—É—Ä–Ω—ã–π –∫–æ–º–ø–ª–µ–∫—Å ¬´–í—è—Ç—Å–∫–æ–µ¬ª –∏–º–µ–Ω–∏ –ï. –ê. –ê–Ω–∫—É–¥–∏–Ω–æ–≤–æ–π ‚Äî –º—É–∑–µ–π–Ω—ã–π –∫–æ–º–ø–ª–µ–∫—Å, —Ä–∞—Å–ø–æ–ª–æ–∂–µ–Ω–Ω—ã–π –Ω–∞ —Ç–µ—Ä—Ä–∏—Ç–æ—Ä–∏–∏ üèò —è—Ä–æ—Å–ª–∞–≤—Å–∫–æ–≥–æ —Å–µ–ª–∞ –í—è—Ç—Å–∫–æ–µ. –û–±—ä–µ–∫—Ç –≤—Å–µ–º–∏—Ä–Ω–æ–≥–æ –Ω–∞—Å–ª–µ–¥–∏—è –Æ–ù–ï–°–ö–û –≤ –†–æ—Å—Å–∏–∏.




1 –∏–∑ 2





–ü—Ä–æ–µ–∫—Ç –±—ã–ª –Ω–∞—á–∞—Ç –≤ 2008 –≥–æ–¥—É –∏ –ø—Ä–æ–¥–æ–ª–∂–∞–µ—Ç —Ä–∞–∑–≤–∏—Ç–∏–µ –Ω–∞ —Å—Ä–µ–¥—Å—Ç–≤–∞ üí≥, –∏–Ω–≤–µ—Å—Ç–∏—Ä—É–µ–º—ã–µ –ø—Ä–µ–¥–ø—Ä–∏–Ω–∏–º–∞—Ç–µ–ª–µ–º –û. –ê. –ñ–∞—Ä–æ–≤—ã–º






–û. –ê. –ñ–∞—Ä–æ–≤
–ú—É–∑–µ–π–Ω—ã–π –∫–æ–º–ø–ª–µ–∫—Å –≤–∫–ª—é—á–∞–µ—Ç –≤ —Å–µ–±—è 12 –æ—Ç–∫—Ä—ã—Ç—ã—Ö –≤ –í—è—Ç—Å–∫–æ–º –º—É–∑–µ–µ–≤ üè£ , 1 —Ñ–∏–ª–∏–∞–ª ¬´–í—è—Ç—Å–∫–æ–≥–æ¬ª –≤ –Ø—Ä–æ—Å–ª–∞–≤–ª–µ ‚Äî –ú—É–∑–µ–π —Å–æ–≤—Ä–µ–º–µ–Ω–Ω–æ–≥–æ –∏—Å–∫—É—Å—Å—Ç–≤–∞ ¬´–î–æ–º –º—É–∑¬ª –∏ –±–æ–ª–µ–µ 30 –ø–∞–º—è—Ç–Ω–∏–∫–æ–≤ üóø –∞—Ä—Ö–∏—Ç–µ–∫—Ç—É—Ä—ã.




1 –∏–∑ 9





–í –º—É–∑–µ–π–Ω—ã–π –∫–æ–º–ø–ª–µ–∫—Å –∏—Å—Ç–æ—Ä–∏–∫–æ-–∫—É–ª—å—Ç—É—Ä–Ω–æ–≥–æ –∫–æ–º–ø–ª–µ–∫—Å–∞ ¬´–í—è—Ç—Å–∫–æ–µ¬ª üèò –≤—Ö–æ–¥—è—Ç –ø–æ—Å—Ç–æ—è–Ω–Ω–æ –¥–µ–π—Å—Ç–≤—É—é—â–∏–µ —ç–∫—Å–ø–æ–∑–∏—Ü–∏–∏:üî∏ –ú—É–∑–µ–π —Ä—É—Å—Å–∫–æ–π –ø—Ä–µ–¥–ø—Ä–∏–∏–º—á–∏–≤–æ—Å—Ç–∏üî∏ –ú—É–∑–µ–π –≤–æ–∑–≤—Ä–∞—â—ë–Ω–Ω–æ–π —Å–≤—è—Ç—ã–Ω–∏ üî∏ –ú—É–∑–µ–π ¬´–î–æ–º –ì–æ—Ä–æ—Ö–æ–≤–∞¬ª üî∏ –ú—É–∑–µ–π ¬´–†—É—Å—Å–∫–∞—è –±–∞–Ω—å–∫–∞ –ø–æ-—á—ë—Ä–Ω–æ–º—É¬ª üî∏ –ú—É–∑–µ–π –∫—É—Ö–æ–Ω–Ω–æ–π –º–∞—à–∏–Ω–µ—Ä–∏–∏ üî∏ –ú—É–∑–µ–π ¬´–î–µ—Ç—Å–∫–∏–π –º–∏—Ä¬ª




1 –∏–∑ 7





üî∏ –ú—É–∑–µ–π-–ü–µ—á–∞—Ç–Ω—è ¬´–°—Ç—Ä–∞–Ω–∏—Ü—ã –∏—Å—Ç–æ—Ä–∏–∏ –ø–µ—á–∞—Ç–Ω–æ–≥–æ –¥–µ–ª–∞¬ªüî∏ –ü–æ–ª–∏—Ç–µ—Ö–Ω–∏—á–µ—Å–∫–∏–π –º—É–∑–µ–π üî∏ –ú—É–∑–µ–π ¬´–î–æ–º –∞–Ω–≥–µ–ª–æ–≤¬ª üî∏ –ú—É–∑–µ–π ¬´–ù—É–º–µ—Ä–∞ –∫—É–ø—Ü–æ–≤ –±—Ä–∞—Ç—å–µ–≤ –£—Ä–ª–æ–≤—ã—Ö¬ª üî∏ –ú—É–∑–µ–π ¬´–ó–≤—É–∫–∏ –≤—Ä–µ–º–µ–Ω–∏¬ª üî∏ –ú—É–∑–µ–π —Ä—É—Å—Å–∫–∏—Ö –∑–∞–±–∞–≤ –í ¬´–í—è—Ç—Å–∫–æ–º¬ª –≤–µ–¥—ë—Ç—Å—è –∫—Ä–∞–µ–≤–µ–¥—á–µ—Å–∫–∞—è –∏ –∏–∑–¥–∞—Ç–µ–ª—å—Å–∫–∞—è üóû —Ä–∞–±–æ—Ç–∞. –ù–∞ –±–∞–∑–µ ¬´–í—è—Ç—Å–∫–æ–≥–æ¬ª –ø—Ä–æ—Ö–æ–¥—è—Ç –∫–æ–Ω—Ñ–µ—Ä–µ–Ω—Ü–∏–∏ –∏ —Å–µ–º–∏–Ω–∞—Ä—ã, –ø–æ—Å–≤—è—â–µ–Ω–Ω—ã–µ —Ä–∞–∑–≤–∏—Ç–∏—é —Ç—É—Ä–∏–∑–º–∞, –º—É–∑–µ–π–Ω–æ–≥–æ –¥–µ–ª–∞, –≤–æ–ø—Ä–æ—Å–∞–º —Å–æ–≤—Ä–µ–º–µ–Ω–Ω–æ–≥–æ –∏—Å–∫—É—Å—Å—Ç–≤–∞. –ï–∂–µ–≥–æ–¥–Ω–æ –ø—Ä–æ–≤–æ–¥—è—Ç—Å—è —Ñ–µ—Å—Ç–∏–≤–∞–ª–∏ üé§ ¬´–ü—Ä–æ–≤–∏–Ω—Ü–∏—è ‚Äì –¥—É—à–∞ –†–æ—Å—Å–∏–∏¬ª, ¬´–î–Ω–∏ –ù. –ê. –ù–µ–∫—Ä–∞—Å–æ–≤–∞ –≤ –í—è—Ç—Å–∫–æ–º¬ª, –æ—Ä–≥–∞–Ω–∏–∑—É—é—Ç—Å—è –º–∞—Å—Å–æ–≤—ã–µ –≥—É–ª—è–Ω–∏—è –Ω–∞ –ù–æ–≤—ã–π –≥–æ–¥, –ú–∞—Å–ª–µ–Ω–∏—Ü—É –∏ –¥—Ä—É–≥–∏–µ –ø—Ä–∞–∑–¥–Ω–∏–∫–∏. 




1 –∏–∑ 2





–í–æ–∑—Ä–æ–∂–¥–∞—é—Ç—Å—è —Ç—Ä–∞–¥–∏—Ü–∏–∏ –º–µ—Å—Ç–Ω—ã—Ö –Ω–∞—Ä–æ–¥–Ω—ã—Ö –ø—Ä–æ–º—ã—Å–ª–æ–≤ –∏ –∏–∑–≤–µ—Å—Ç–Ω–æ–≥–æ –¥–æ—Å–æ–≤–µ—Ç—Å–∫–æ–≥–æ –º–µ—Å—Ç–Ω–æ–≥–æ –±—Ä–µ–Ω–¥–∞ ‚Äì ""–≤—è—Ç—Å–∫–∏—Ö"" ü•í –æ–≥—É—Ä—Ü–æ–≤. –¢—É—Ä–∏—Å—Ç–∏—á–µ—Å–∫–∏–π –ø–æ—Ç–æ–∫ üèò–º—É–∑–µ–π–Ω–æ–≥–æ –∫–æ–º–ø–ª–µ–∫—Å–∞ —Å–æ—Å—Ç–∞–≤–ª—è–µ—Ç –±–æ–ª–µ–µ 100 —Ç—ã—Å. –ø–æ—Å–µ—Ç–∏—Ç–µ–ª–µ–π –≤ –≥–æ–¥.







üß≠ –ì–¥–µ: –Ø—Ä–æ—Å–ª–∞–≤—Å–∫–∞—è –æ–±–ª–∞—Å—Ç—å, –ù–µ–∫—Ä–∞—Å–æ–≤—Å–∫–∏–π —Ä–∞–π–æ–Ω, —Å. –í—è—Ç—Å–∫–æ–µ, —É–ª. –°–æ–≤–µ—Ç—Å–∫–∞—è, –¥. 9‚åõ –ö–æ–≥–¥–∞: –µ–∂–µ–¥–Ω–µ–≤–Ω–æ —Å 10.30 –¥–æ 18.00, –±–µ–∑ –æ–±–µ–¥–∞.‚òé –ö–æ–Ω—Ç–∞–∫—Ç—ã: 8 800 302-70-05; +7 929 077-83-60; +7 929 077-83-61; +7 961 160-81-17; +7 929 077-83-54üí∞ –°—Ç–æ–∏–º–æ—Å—Ç—å: —É—Ç–æ—á–Ω–∏—Ç—å –ø–æ üìûüíª –°–∞–π—Ç: http://–≤—è—Ç—Å–∫–æ–µ-—Å–µ–ª–æ.—Ä—Ñ/




1 –∏–∑ 5





131 –ø—Ä–æ—Å–º–æ—Ç—Ä¬∑10 –ø–æ–¥–µ–ª–∏–ª–∏—Å—å 





","–Ø—Ä–æ—Å–ª–∞–≤—Å–∫–∏–π –≥–æ—Å—É–¥–∞—Ä—Å—Ç–≤–µ–Ω–Ω—ã–π —Ç–µ–∞—Ç—Ä —é–Ω–æ–≥–æ –∑—Ä–∏—Ç–µ–ª—è –∏–º. –í.–°.–†–æ–∑–æ–≤–∞–ê—Ñ–∏—à–∞ –Ø—Ä–æ—Å–ª–∞–≤–ª—å | –Ø–≤–∫—É—Ä—Å–µ | –í—Å–µ –º–µ—Ä–æ–ø—Ä–∏—è—Ç–∏—è¬∑30 –∏—é–Ω –≤ 14:24–Ø—Ä–æ—Å–ª–∞–≤—Å–∫–∏–π –¢–Æ–ó üé≠ –±—ã–ª –æ—Å–Ω–æ–≤–∞–Ω –≤ 1984 –≥–æ–¥—É –ø—Ä–∏ –¥–µ—è—Ç–µ–ª—å–Ω–æ–π –ø–æ–¥–¥–µ—Ä–∂–∫–µ –í–∏–∫—Ç–æ—Ä–∞ –°–µ—Ä–≥–µ–µ–≤–∏—á–∞ –†–æ–∑–æ–≤–∞ –∏ –æ—Ç–∫—Ä—ã–ª—Å—è –ø—Ä–µ–º—å–µ—Ä–æ–π —Å–ø–µ–∫—Ç–∞–∫–ª—è –ø–æ –µ–≥–æ –ø—å–µ—Å–µ ¬´–í–µ—á–Ω–æ –∂–∏–≤—ã–µ¬ª. –≠—Ç–æ –±—ã–ª–æ –¥–æ–ª–≥–æ–∂–¥–∞–Ω–Ω–æ–µ —Å–æ–±—ã—Ç–∏–µ –≤ –Ø—Ä–æ—Å–ª–∞–≤–ª–µ üåÜ, –≥–æ—Ä–æ–¥–µ –ø–µ—Ä–≤–æ–≥–æ —Ä—É—Å—Å–∫–æ–≥–æ –ø—Ä–æ—Ñ–µ—Å—Å–∏–æ–Ω–∞–ª—å–Ω–æ–≥–æ —Ç–µ–∞—Ç—Ä–∞.




1 –∏–∑ 7





–ó–∞ –ø—Ä–æ—à–µ–¥—à–∏–µ —á–µ—Ç–≤–µ—Ä—Ç—å –≤–µ–∫–∞ –Ω–∞ —Å—Ü–µ–Ω–µ –Ø—Ä–æ—Å–ª–∞–≤—Å–∫–æ–≥–æ –¢–Æ–ó–∞ üé≠ —Å–æ—Å—Ç–æ—è–ª–æ—Å—å 139 –ø—Ä–µ–º—å–µ—Ä. –†–µ–ø–µ—Ä—Ç—É–∞—Ä —Ç–µ–∞—Ç—Ä–∞ ‚Äî —Å–ø–µ–∫—Ç–∞–∫–ª–∏ –¥–ª—è –¥–µ—Ç–µ–π, –ø–æ–¥—Ä–æ—Å—Ç–∫–æ–≤ –∏ —Å—Ç–∞—Ä—à–µ–≥–æ –ø–æ–∫–æ–ª–µ–Ω–∏—è üë®‚Äçüë©‚Äçüëß‚Äçüë¶ .




1 –∏–∑ 4




–°–ø–µ–∫—Ç–∞–∫–ª—å ""–ß–∏–ø–æ–ª–ª–∏–Ω–æ¬ª
–¢—Ä—É–ø–ø–∞ –Ø—Ä–æ—Å–ª–∞–≤—Å–∫–æ–≥–æ –¢–Æ–ó–∞ üé≠ –ø–æ –ø—Ä–∞–≤—É —Å—á–∏—Ç–∞–µ—Ç—Å—è –æ–¥–Ω–æ–π –∏–∑ —Å–∞–º—ã—Ö –º—É–∑—ã–∫–∞–ª—å–Ω—ã—Ö —Å—Ä–µ–¥–∏ –º–æ–ª–æ–¥–µ–∂–Ω—ã—Ö —Ç–µ–∞—Ç—Ä–æ–≤ –†–æ—Å—Å–∏–∏. –ó–≤—É–∫ –∂–∏–≤–æ–≥–æ –æ—Ä–∫–µ—Å—Ç—Ä–∞, —Å–ª–æ–∂–Ω–æ–µ –º–Ω–æ–≥–æ–≥–æ–ª–æ—Å–Ω–æ–µ –ø–µ–Ω–∏–µ, —è—Ä–∫–∏–µ —Å–æ–ª—å–Ω—ã–µ –Ω–æ–º–µ—Ä–∞ —Å—Ç–∞–ª–∏ —É–∫—Ä–∞—à–µ–Ω–∏–µ–º –º–Ω–æ–≥–∏—Ö —Å–ø–µ–∫—Ç–∞–∫–ª–µ–π —Ç–µ–∞—Ç—Ä–∞. –¢—Ä—É–ø–ø–∞ —Ç–µ–∞—Ç—Ä–∞ –≥–∞—Ä–º–æ–Ω–∏—á–Ω–æ —Å–±–∞–ª–∞–Ω—Å–∏—Ä–æ–≤–∞–Ω–∞ –∏ —Å–æ–µ–¥–∏–Ω—è–µ—Ç —Å—Ç–∞—Ä—à–µ–µ, —Å—Ä–µ–¥–Ω–µ–µ –∏ –º–æ–ª–æ–¥–æ–µ –ø–æ–∫–æ–ª–µ–Ω–∏–µ –∞–∫—Ç–µ—Ä–æ–≤. –°—Ä–µ–¥–∏ –Ω–∏—Ö 6 –∑–∞—Å–ª—É–∂–µ–Ω–Ω—ã—Ö üèÜ –∞—Ä—Ç–∏—Å—Ç–æ–≤ –†–æ—Å—Å–∏–∏ –∏ –Ω–∞—Ä–æ–¥–Ω—ã–π –∞—Ä—Ç–∏—Å—Ç –†–§ –í–∏—Ç–∞–ª–∏–π –°—Ç—É–∂–µ–≤. –í –Ω–∞—Å—Ç–æ—è—â–µ–µ –≤—Ä–µ–º—è —Ç–µ–∞—Ç—Ä –ø–æ–ø–æ–ª–Ω–∏–ª—Å—è –º–æ–ª–æ–¥—ã–º–∏ –∞–∫—Ç–µ—Ä–∞–º–∏-–≤—ã–ø—É—Å–∫–Ω–∏–∫–∞–º–∏, –∫–æ—Ç–æ—Ä—ã–µ –∏–≥—Ä–∞—é—Ç –≤–µ–¥—É—â–∏–µ —Ä–æ–ª–∏ –≤–æ –º–Ω–æ–≥–∏—Ö —Å–ø–µ–∫—Ç–∞–∫–ª—è—Ö.




1 –∏–∑ 2




–°–ø–µ–∫—Ç–∞–∫–ª—å ""–°–≤–µ—Ç–∏—Ç –¥–∞ –Ω–µ –≥—Ä–µ–µ—Ç¬ª
–Ø—Ä–æ—Å–ª–∞–≤—Å–∫–∏–π —Ç–µ–∞—Ç—Ä —é–Ω–æ–≥–æ –∑—Ä–∏—Ç–µ–ª—è —É—á–∞—Å—Ç–Ω–∏–∫ –º–Ω–æ–≥–æ—á–∏—Å–ª–µ–Ω–Ω—ã—Ö —Ä–æ—Å—Å–∏–π—Å–∫–∏—Ö –∏ –º–µ–∂–¥—É–Ω–∞—Ä–æ–¥–Ω—ã—Ö —Ç–µ–∞—Ç—Ä–∞–ª—å–Ω—ã—Ö —Ñ–µ—Å—Ç–∏–≤–∞–ª–µ–π. –°–ø–µ–∫—Ç–∞–∫–ª–∏ –∏ –∞–∫—Ç–µ—Ä—ã —Ç–µ–∞—Ç—Ä–∞ –±—ã–ª–∏ –æ—Ç–º–µ—á–µ–Ω—ã –Ω–∞–≥—Ä–∞–¥–∞–º–∏ üèÜ –Ω–∞ —Ñ–µ—Å—Ç–∏–≤–∞–ª—è—Ö –≤ –ì–µ—Ä–º–∞–Ω–∏–∏, –ü–æ–ª—å—à–µ, –Æ–≥–æ—Å–ª–∞–≤–∏–∏, –ú–æ—Å–∫–≤–µ, –°–∞–Ω–∫—Ç-–ü–µ—Ç–µ—Ä–±—É—Ä–≥–µ –∏ –¥—Ä. –¢–µ–∞—Ç—Ä —à–µ—Å—Ç—å —Ä–∞–∑ —Å—Ç–∞–Ω–æ–≤–∏–ª—Å—è –æ–±–ª–∞–¥–∞—Ç–µ–ª–µ–º –æ–±–ª–∞—Å—Ç–Ω–æ–π —Ç–µ–∞—Ç—Ä–∞–ª—å–Ω–æ–π –ø—Ä–µ–º–∏–∏ –∏–º–µ–Ω–∏ –§. –ì. –í–æ–ª–∫–æ–≤–∞. –í—Å–µ—Ä–æ—Å—Å–∏–π—Å–∫–∏–π —Ç–µ–∞—Ç—Ä–∞–ª—å–Ω—ã–π —Ñ–µ—Å—Ç–∏–≤–∞–ª—å Rozovfest - –≤–∏–∑–∏—Ç–Ω–∞—è –∫–∞—Ä—Ç–æ—á–∫–∞ —Ç–µ–∞—Ç—Ä–∞ üé´.




1 –∏–∑ 4




–†–µ–∂–∏—Å—Å–µ—Ä –∏ —Ç–µ–∞—Ç—Ä–∞–ª—å–Ω—ã–π –ø–µ–¥–∞–≥–æ–≥ –°.–í. –†–æ–∑–æ–≤
–¢–µ–∞—Ç—Ä —Ç–∞–∫–∂–µ –≤–µ–¥–µ—Ç —à–∏—Ä–æ–∫—É—é –≥—É–º–∞–Ω–∏—Ç–∞—Ä–Ω—É—é –∏ –ø—Ä–æ—Å–≤–µ—Ç–∏—Ç–µ–ª—å—Å–∫—É—é —Ä–∞–±–æ—Ç—É –≤ –≥–æ—Ä–æ–¥–µ –∏ –æ–±–ª–∞—Å—Ç–∏. –û–Ω —É—á–∞—Å—Ç–≤—É–µ—Ç –≤ –ø—Ä–æ–≥—Ä–∞–º–º–µ –ø–æ–¥–¥–µ—Ä–∂–∫–∏ –¥–µ—Ç–µ–π —Å –æ–≥—Ä–∞–Ω–∏—á–µ–Ω–Ω—ã–º–∏ –≤–æ–∑–º–æ–∂–Ω–æ—Å—Ç—è–º–∏, –ø–æ–∫–∞–∑—ã–≤–∞–µ—Ç üé≠ —Å–ø–µ–∫—Ç–∞–∫–ª–∏ –≤ –¥–µ—Ç—Å–∫–∏—Ö –¥–æ–º–∞—Ö, —Å–æ–¥–µ–π—Å—Ç–≤—É–µ—Ç —Ä–µ–∞–±–∏–ª–∏—Ç–∞—Ü–∏–∏ –ø–æ–¥—Ä–æ—Å—Ç–∫–æ–≤, –Ω–∞—Ö–æ–¥—è—â–∏—Ö—Å—è –≤ –º–µ—Å—Ç–∞—Ö –ª–∏—à–µ–Ω–∏—è —Å–≤–æ–±–æ–¥—ã.







–í –¢–Æ–ó–µ üé≠ –∏–º–µ–µ—Ç—Å—è –¥–≤–µ —Å—Ü–µ–Ω—ã, –Ω–∞ –∫–æ—Ç–æ—Ä—ã—Ö –∏–¥—É—Ç –ø–æ—Å—Ç–∞–Ω–æ–≤–∫–∏, –∫–∞–∫ –¥–µ—Ç—Å–∫–∏—Ö —Å–ø–µ–∫—Ç–∞–∫–ª–µ–π, —Ç–∞–∫ –∏ –ø—å–µ—Å –¥–ª—è –±–æ–ª–µ–µ –≤–∑—Ä–æ—Å–ª–æ–≥–æ –∑—Ä–∏—Ç–µ–ª—è, –ø–æ—Ä–∞–∂–∞—é—â–∏—Ö —Å–≤–æ–µ–π –∂–∏–≤–æ—Å—Ç—å—é –∏ –ø—Ä–æ–Ω–∏–∫–Ω–æ–≤–µ–Ω–Ω—ã–º –ø—Å–∏—Ö–æ–ª–æ–≥–∏—á–µ—Å–∫–∏–º —Å—é–∂–µ—Ç–æ–º. –°–ø–µ–∫—Ç–∞–∫–ª–∏ –∏–≥—Ä–∞—é—Ç –Ω–∞ –æ–±–µ–∏—Ö —Å—Ü–µ–Ω–∞—Ö. üèõ –¢–µ–∞—Ç—Ä–∞–ª—å–Ω—ã–π –∑–∞–ª —Å–æ–¥–µ—Ä–∂–∏—Ç 750 –º–µ—Å—Ç, –∞ –º–∞–ª—ã–π –∑–∞–ª ‚Äì 100 –º–µ—Å—Ç.




1 –∏–∑ 2




–°–ø–µ–∫—Ç–∞–∫–ª—å ""–ì–µ—Ä–æ–π –Ω–∞—à–µ–≥–æ –≤—Ä–µ–º–µ–Ω–∏. –ö–Ω—è–∂–Ω–∞ –ú–µ—Ä–∏¬ª
üß≠ –ì–¥–µ: –≥. –Ø—Ä–æ—Å–ª–∞–≤–ª—å, —É–ª. –°–≤–æ–±–æ–¥—ã, –¥. 23‚åõ –ö–æ–≥–¥–∞: —Ä–∞–±–æ—Ç–∞ –∫–∞—Å—Å—ã ‚Äî –µ–∂–µ–¥–Ω–µ–≤–Ω–æ, 10:00‚Äì19:00, –ø–µ—Ä–µ—Ä—ã–≤ 14:00‚Äì14:30‚òé –ö–æ–Ω—Ç–∞–∫—Ç—ã: +7 (4852) 30-86-83üíª –°–∞–π—Ç: http://www.yartuz.ru/




1 –∏–∑ 3




–°–ø–µ–∫—Ç–∞–∫–ª—å ""–ú–æ—Ä–æ–∑–∫–æ¬ª
109 –ø—Ä–æ—Å–º–æ—Ç—Ä–æ–≤¬∑5 –ø–æ–¥–µ–ª–∏–ª–∏—Å—å 





","–ú–£–ó–ï–ô –ü–û–ñ–ê–†–ù–û–ì–û –î–ï–õ–ê–ê—Ñ–∏—à–∞ –Ø—Ä–æ—Å–ª–∞–≤–ª—å | –Ø–≤–∫—É—Ä—Å–µ | –í—Å–µ –º–µ—Ä–æ–ø—Ä–∏—è—Ç–∏—è¬∑29 –∏—é–Ω –≤ 18:36–ù–∞ –ú–æ—Å–∫–æ–≤—Å–∫–æ–º –ø—Ä–æ—Å–ø–µ–∫—Ç–µ –≤ –Ø—Ä–æ—Å–ª–∞–≤–ª–µ –Ω–∞—Ö–æ–¥–∏—Ç—Å—è –∑–¥–∞–Ω–∏–µ —É–Ω–∏–∫–∞–ª—å–Ω–æ–≥–æ –ú—É–∑–µ—è –ø–æ–∂–∞—Ä–Ω–æ–≥–æ –¥–µ–ª–∞ üî•, –∫–æ—Ç–æ—Ä—ã–π –ø—Ä–∏–Ω–∞–¥–ª–µ–∂–∏—Ç –ì–ª–∞–≤–Ω–æ–º—É —É–ø—Ä–∞–≤–ª–µ–Ω–∏—é –ú–ß–° –†–æ—Å—Å–∏–∏ –ø–æ –Ø—Ä–æ—Å–ª–∞–≤—Å–∫–æ–π –æ–±–ª–∞—Å—Ç–∏.




1 –∏–∑ 3





–ü–æ—è–≤–ª–µ–Ω–∏–µ —ç—Ç–æ–≥–æ –º—É–∑–µ—è —Å–≤—è–∑–∞–Ω–æ —Å —Ç–µ–º, —á—Ç–æ –≤ –¥—Ä–µ–≤–Ω–æ—Å—Ç–∏ –≥–æ—Ä–æ–¥ –Ø—Ä–æ—Å–ª–∞–≤–ª—å üåÜ –±—ã–ª –ø—Ä–∞–∫—Ç–∏—á–µ—Å–∫–∏ –≤–µ—Å—å —Å–¥–µ–ª–∞–Ω –∏–∑ –¥–µ—Ä–µ–≤–∞. –î–µ—Ä–µ–≤—è–Ω–Ω—ã–µ –¥–æ–º–∞, –º–æ—Å—Ç–∫–∏, –ø–µ—Ä–µ–∫–∏–Ω—É—Ç—ã–µ —á–µ—Ä–µ–∑ –∫–∞–Ω–∞–≤—ã –∏ —Ä—É—á—å–∏, –Ω–∞—Å—Ç–∏–ª—ã –≤–æ –¥–≤–æ—Ä–∞—Ö –∏ –Ω–∞ —É–ª–∏—Ü–∞—Ö ‚Äì –≤—Å—ë –±—ã–ª–æ –¥–µ—Ä–µ–≤—è–Ω–Ω—ã–º. –ü–æ—ç—Ç–æ–º—É –∏ –ø–æ–∂–∞—Ä—ã –≤ –≥–æ—Ä–æ–¥–µ –±—ã–ª–∏ —á–∞—Å—Ç—ã–º–∏ –≥–æ—Å—Ç—è–º–∏. –í 1658 –≥–æ–¥—É —Å–ª—É—á–∏–ª—Å—è –í–µ–ª–∏–∫–∏–π –ø–æ–∂–∞—Ä üî•.







–î–∏–æ—Ä–∞–º—É –º—É–∑–µ—è üè£ –¥–µ–º–æ–Ω—Å—Ç—Ä–∏—Ä—É—é—Ç –ø–æ—Å–µ—Ç–∏—Ç–µ–ª—è–º —Ç–∞–∫, —á—Ç–æ–±—ã –Ω–∞–∏–±–æ–ª–µ–µ –æ—Å—Ç—Ä–æ –ø–æ—á—É–≤—Å—Ç–≤–æ–≤–∞–ª—Å—è –≤–µ—Å—å —Ç—Ä–∞–≥–∏–∑–º –º–æ–º–µ–Ω—Ç–∞ –í–µ–ª–∏–∫–æ–≥–æ –ø–æ–∂–∞—Ä–∞. –ü—Ä–∏ –ø–æ–≥–∞—à–µ–Ω–Ω–æ–º —Å–≤–µ—Ç–µ –∏–∑-–∑–∞ –æ—Ç–∫—Ä—ã–≤–∞—é—â–∏—Ö—Å—è –∑–∞–Ω–∞–≤–µ—Å–µ–π –ø–æ—è–≤–ª—è–µ—Ç—Å—è –¥—Ä–µ–≤–Ω–∏–π –¥–µ—Ä–µ–≤—è–Ω–Ω—ã–π –≥–æ—Ä–æ–¥, –∫–æ—Ç–æ—Ä—ã–π –æ—Ö–≤–∞—á–µ–Ω –ø–ª–∞–º–µ–Ω–µ–º –æ—Ç –ú–µ–¥–≤–µ–∂—å–µ–≥–æ —Ä—É—á—å—è –¥–æ –ø–ª–æ—â–∞–¥–∏ –ë–æ–≥–æ—è–≤–ª–µ–Ω–∏—è, —Å—É—â–µ—Å—Ç–≤—É—é—â–µ–π –ø–æ–Ω—ã–Ω–µ. –°–≤–∏–¥–µ—Ç–µ–ª–∏ —Å—Ç—Ä–∞—à–Ω–æ–π –∫–∞—Ä—Ç–∏–Ω—ã —Ä–∞–∑—Ä—É—à–µ–Ω–∏—è —Å–ª—ã—à–∞—Ç –∑–≤–æ–Ω –∫–æ–ª–æ–∫–æ–ª–æ–≤, —Ç—Ä–µ—Å–∫ –¥–µ—Ä–µ–≤–∞. –ü–æ–∂–∞—Ä –ø–µ—Ä–µ—Ä–∞—Å—Ç–∞–µ—Ç –≤ –æ–≥–Ω–µ–Ω–Ω—É—é –±—É—Ä—é, –∫–æ—Ç–æ—Ä–∞—è —Ç–µ—á—ë—Ç –ø–æ —Å—Ç—Ä–æ–µ–Ω–∏—è–º, –æ—Ö–≤–∞—Ç—ã–≤–∞—è –≤—Å—ë –Ω–∞ —Å–≤–æ—ë–º –ø—É—Ç–∏, –Ω–µ —â–∞–¥—è –Ω–∏ –∏–∑–±, –Ω–∏ —Ö—Ä–∞–º–æ–≤. –ö–∞—Ç–∞—Å—Ç—Ä–æ—Ñ–∞ —Ä–∞–∑–≤–∏–ª–∞—Å—å –¥–æ —Ç–∞–∫–∏—Ö –º–∞—Å—à—Ç–∞–±–æ–≤, —á—Ç–æ –æ–≥–æ–Ω—å üî• –ø–µ—Ä–µ–±—Ä–∞–ª—Å—è —á–µ—Ä–µ–∑ –ö–æ—Ç–æ—Ä–æ—Å–ª—å, –∑–∞—Ö–≤–∞—Ç–∏–≤ –¢—Ä–æ–ø–∏–Ω—Å–∫—É—é —Å–ª–æ–±–æ–¥—É. –û–±—É–≥–ª–µ–Ω–Ω—ã–µ –±–∞—à–Ω–∏ –∏ –∫–∞–º–µ–Ω–Ω—ã–µ —Ü–µ—Ä–∫–≤–∏ ‚Äì –≤—Å—ë, —á—Ç–æ –æ—Å—Ç–∞–ª–æ—Å—å –æ—Ç –≥–æ—Ä–æ–¥–∞. 29 —Ö—Ä–∞–º–æ–≤, 3 –º–æ–Ω–∞—Å—Ç—ã—Ä—è, –¥—Ä–µ–≤–Ω—è—è –≥–æ—Ä–æ–¥—Å–∫–∞—è —Å—Ç–µ–Ω–∞, —Ç–æ—Ä–≥–æ–≤—ã–µ —Ä—è–¥—ã, –æ–∫–æ–ª–æ –ø–æ–ª—É—Ç–æ—Ä–∞ —Ç—ã—Å—è—á –¥–æ–º–æ–≤, –¥—Ä–µ–≤–Ω–∏–µ –∫–Ω–∏–≥–∏ –∏ —Ä—É–∫–æ–ø–∏—Å–∏. –û–≥–æ–Ω—å –ø–æ–≥–ª–æ—Ç–∏–ª –≤—Å—ë.







–í –º—É–∑–µ–µ –Ω–∞–≥–ª—è–¥–Ω–æ –ø–æ–∫–∞–∑—ã–≤–∞–µ—Ç—Å—è, –∫–∞–∫ —Ä–∞–∑–≤–∏–≤–∞–ª–∞—Å—å –ø–æ–∂–∞—Ä–Ω–∞—è —Å–ª—É–∂–±–∞ üöí –Ω–∞ –ø—Ä–æ—Ç—è–∂–µ–Ω–∏–∏ –¥–≤—É—Ö –≤–µ–∫–æ–≤. –ó–¥–µ—Å—å –ø—Ä–µ–¥—Å—Ç–∞–≤–ª–µ–Ω—ã –ø–µ—Ä–≤—ã–µ –Ω–∞—Å–æ—Å—ã, –∫–æ—Ç–æ—Ä—ã–µ –º–æ–∂–Ω–æ –ø–æ—Ç—Ä–æ–≥–∞—Ç—å —Ä—É–∫–∞–º–∏ –∏ —Ä–∞–∑–Ω–æ–æ–±—Ä–∞–∑–Ω–æ–µ –æ–±–æ—Ä—É–¥–æ–≤–∞–Ω–∏–µ, –≤ —Ç–æ–º —á–∏—Å–ª–µ –∏ —Å–æ–≤—Ä–µ–º–µ–Ω–Ω–æ–µ. –ù–µ–±–æ–ª—å—à–∏–µ —ç–∫—Å–ø–æ–∑–∏—Ü–∏–∏ –ø–æ—Å–≤—è—â–µ–Ω—ã –≤—ã–¥–∞—é—â–∏–º—Å—è –ª—é–¥—è–º, —Ç—Ä—É–¥–∏–≤—à–∏–º—Å—è –≤ –¥–∞–Ω–Ω–æ–π –æ—Ç—Ä–∞—Å–ª–∏ –≤ –Ø—Ä–æ—Å–ª–∞–≤–ª–µ üåÜ. –¢–∞–∫–∂–µ –º—É–∑–µ–π –≤—ã–ø–æ–ª–Ω—è–µ—Ç –≤–æ—Å–ø–∏—Ç–∞—Ç–µ–ª—å–Ω—É—é —Ñ—É–Ω–∫—Ü–∏—é, –¥–µ–º–æ–Ω—Å—Ç—Ä–∏—Ä—É—è —Ç–æ, –∫–∞–∫ –ø—Ä–æ—Å—Ç–æ –∂–∏–ª–∞—è –∫–≤–∞—Ä—Ç–∏—Ä–∞ –º–æ–∂–µ—Ç –±—ã—Ç—å –æ—Ö–≤–∞—á–µ–Ω–∞ –ø–æ–∂–∞—Ä–æ–º –∏ —á—Ç–æ –æ—Ç –Ω–µ—ë –ø–æ—Ç–æ–º –æ—Å—Ç–∞–Ω–µ—Ç—Å—è.




1 –∏–∑ 6





–í –º—É–∑–µ–µ –ø—Ä–µ–¥—Å—Ç–∞–≤–ª–µ–Ω—ã —Ç—Ä–∏ –ø—Ä–æ—Å—Ç–æ—Ä–Ω—ã—Ö –∑–∞–ª–∞:üîπ –ì–µ—Ä–æ–∏—á–µ—Å–∫–∏–π –∑–∞–ª: —Ä—è–¥–æ–º —Å –≥–µ—Ä–æ—è–º–∏ –∏—Å—Ç–æ—Ä–∏–∏ –Ø—Ä–æ—Å–ª–∞–≤–ª—è –í.–ì–∏–ª—è—Ä–æ–≤—Å–∫–∏–º –∏ –í.–ú–∞—Ä–∏–Ω—ã–º –Ω–∞—à–ª–∏ —Å–≤–æ—ë –º–µ—Å—Ç–æ –≥–µ—Ä–æ–∏ —Å–æ–≤—Ä–µ–º–µ–Ω–Ω–æ—Å—Ç–∏. –í. –¢–∞—Ä–∞—Å–æ–≤, –ê. –®–∞—Ç–æ—Ö–∏–Ω, –ï. –Ø–∫–æ–≤–ª–µ–≤ ‚Äì –æ–Ω–∏ –ø–æ–∂–µ—Ä—Ç–≤–æ–≤–∞–ª–∏ —Å–≤–æ–∏–º–∏ –∂–∏–∑–Ω—è–º–∏ –≤–æ –∏–º—è —Å–ø–∞—Å–µ–Ω–∏—è –ª—é–¥–µ–π –ø—Ä–∏ —Ç—É—à–µ–Ω–∏–∏ –ø–æ–∂–∞—Ä–æ–≤ –≤ –Ø—Ä–æ—Å–ª–∞–≤—Å–∫–æ–π –æ–±–ª–∞—Å—Ç–∏. –ó–¥–µ—Å—å —Å–æ–±—Ä–∞–Ω—ã –º–∞—Ç–µ—Ä–∏–∞–ª—ã –∏ —Ñ–æ—Ç–æ–≥—Ä–∞—Ñ–∏–∏, –ø–æ–≤–µ—Å—Ç–≤—É—é—â–∏–µ –æ –ø–æ–¥–≤–∏–≥–∞—Ö —ç—Ç–∏—Ö –ª—é–¥–µ–π. –ú–æ–ª–æ–¥—ã–µ –ø–æ–∂–∞—Ä–Ω—ã–µ –∏–º–µ–Ω–Ω–æ –≤ —ç—Ç–æ–º –∑–∞–ª–µ –ø—Ä–∏–Ω–æ—Å—è—Ç –ø—Ä–∏—Å—è–≥—É –≤–µ—Ä–Ω–æ—Å—Ç–∏ –ø—Ä–æ—Ñ–µ—Å—Å–∏–∏, –∫–æ—Ç–æ—Ä—É—é –∏–∑–±—Ä–∞–ª–∏;







üîπ –°–æ–≤—Ä–µ–º–µ–Ω–Ω—ã–π –∑–∞–ª: –ø—Ä–µ–¥—Å—Ç–∞–≤–ª–µ–Ω–æ —Å–æ–≤—Ä–µ–º–µ–Ω–Ω–æ–µ –ø–æ–∂–∞—Ä–Ω–æ–µ –∏ —Å–ø–∞—Å–∞—Ç–µ–ª—å–Ω–æ–µ –æ–±–æ—Ä—É–¥–æ–≤–∞–Ω–∏–µ. –≠–∫—Å–ø–æ–∑–∏—Ü–∏—è –∑–Ω–∞–∫–æ–º–∏—Ç –ø–æ—Å–µ—Ç–∏—Ç–µ–ª–µ–π —Å –Ω–æ–≤–µ–π—à–∏–º–∏ –∏–Ω–∂–µ–Ω–µ—Ä–Ω–æ-—Ç–µ—Ö–Ω–∏—á–µ—Å–∫–∏–º–∏ —Ä–µ—à–µ–Ω–∏—è–º–∏, –∫–æ—Ç–æ—Ä—ã–µ –æ–±–µ—Å–ø–µ—á–∏–≤–∞—é—Ç –ø–æ–∂–∞—Ä–Ω—É—é –±–µ–∑–æ–ø–∞—Å–Ω–æ—Å—Ç—å. –ò—Ö —Ä–∞–±–æ—Ç–∞ –ø—Ä–æ–¥–µ–º–æ–Ω—Å—Ç—Ä–∏—Ä–æ–≤–∞–Ω–∞ –Ω–∞ –º–µ—Ö–∞–Ω–∏—á–µ—Å–∫–∏—Ö —ç–∫—Å–ø–æ–Ω–∞—Ç–∞—Ö ¬´–¢–µ–∞—Ç—Ä —é–Ω–æ–≥–æ –∑—Ä–∏—Ç–µ–ª—è¬ª –∏ ¬´–î–æ–º –ø–æ–≤—ã—à–µ–Ω–Ω–æ–π —ç—Ç–∞–∂–Ω–æ—Å—Ç–∏¬ª;üîπ –ò—Å—Ç–æ—Ä–∏—á–µ—Å–∫–∏–π –∑–∞–ª: –ø—Ä–µ–¥—Å—Ç–∞–≤–ª–µ–Ω–∞ –¥–∏–æ—Ä–∞–º–∞ ‚Äî –í–µ–ª–∏–∫–∏–π –ø–æ–∂–∞—Ä.







üß≠ –ì–¥–µ: –≥. –Ø—Ä–æ—Å–ª–∞–≤–ª—å, —É–ª. –°–∏–ª–∏–∫–∞—Ç–Ω–∞—è, –¥.18‚åõ –ö–æ–≥–¥–∞: –ü–Ω-–ü—Ç (–ø–æ –ø—Ä–µ–¥–≤–∞—Ä–∏—Ç–µ–ª—å–Ω–æ–π –∑–∞–ø–∏—Å–∏)‚òé –ö–æ–Ω—Ç–∞–∫—Ç—ã: (4852) 44-78-24







105 –ø—Ä–æ—Å–º–æ—Ç—Ä–æ–≤¬∑3 –ø–æ–¥–µ–ª–∏–ª–∏—Å—å 





","–†–µ–∑–∏–¥–µ–Ω—Ü–∏—è –ì–æ—Å—É–¥–∞—Ä—ã–Ω–∏ –≥–ª–∞–≤–Ω–æ–π –º–∞—Å–ª–µ–Ω–∏—Ü—ã —Å—Ç—Ä–∞–Ω—ã–ê—Ñ–∏—à–∞ –Ø—Ä–æ—Å–ª–∞–≤–ª—å | –Ø–≤–∫—É—Ä—Å–µ | –í—Å–µ –º–µ—Ä–æ–ø—Ä–∏—è—Ç–∏—è¬∑25 –∏—é–Ω –≤ 22:04–†–µ–∑–∏–¥–µ–Ω—Ü–∏—è –≥–æ—Å—É–¥–∞—Ä—ã–Ω–∏ –ì–ª–∞–≤–Ω–æ–π –ú–∞—Å–ª–µ–Ω–∏—Ü—ã —Å—Ç—Ä–∞–Ω—ã - –µ–¥–∏–Ω—Å—Ç–≤–µ–Ω–Ω—ã–π –∏–Ω—Ç–µ—Ä–∞–∫—Ç–∏–≤–Ω—ã–π –º—É–∑–µ–π üè£ –ø–æ–¥–æ–±–Ω–æ–π —Ç–µ–º–∞—Ç–∏–∫–∏ –≤ –†–æ—Å—Å–∏–∏.




1 –∏–∑ 5





–ì–æ—Ä–æ–¥ –Ø—Ä–æ—Å–ª–∞–≤–ª—å —è–≤–ª—è–µ—Ç—Å—è –º–µ—Å—Ç–æ–º –ø—Ä–æ–≤–µ–¥–µ–Ω–∏—è –æ–¥–Ω–æ–≥–æ –∏–∑ –∏–∑–≤–µ—Å—Ç–Ω–µ–π—à–∏—Ö —Ä–æ—Å—Å–∏–π—Å–∫–∏—Ö –ø—Ä–∞–∑–¥–Ω–∏–∫–æ–≤ - –ú–∞—Å–ª–µ–Ω–∏—Ü—ã. –ï–∂–µ–≥–æ–¥–Ω–æ –≤ –Ø—Ä–æ—Å–ª–∞–≤–ª–µ –ø—Ä–æ—Ö–æ–¥–∏—Ç –≥–ª–∞–≤–Ω–æ–µ —Å–æ–±—ã—Ç–∏–µ –ø—Ä–∞–∑–¥–Ω–∏—á–Ω–æ–π üéâ –Ω–µ–¥–µ–ª–∏ - –ì–ª–∞–≤–Ω–∞—è –ú–∞—Å–ª–µ–Ω–∏—Ü–∞ —Å—Ç—Ä–∞–Ω—ã. –ü—Ä–∞–∑–¥–Ω–∏–∫ –ú–∞—Å–ª–µ–Ω–∏—Ü—ã —ç—Ç–æ —Ü–µ–ª–∞—è –Ω–µ–¥–µ–ª—è —Ñ–æ–ª—å–∫–ª–æ—Ä–Ω—ã—Ö —Å–æ–±—ã—Ç–∏–π: –Ω–∞—Ä–æ–¥–Ω—ã—Ö –≥—É–ª—è–Ω–∏–π, –ø–µ—Å–µ–Ω, —Ç–∞–Ω—Ü–µ–≤, –∏–≥—Ä –∏ —Ç—Ä–∞–¥–∏—Ü–∏–æ–Ω–Ω–æ–π –†—É—Å—Å–∫–æ–π –∫—É—Ö–Ω–∏ ü•û.




1 –∏–∑ 8





–†–µ–∑–∏–¥–µ–Ω—Ü–∏—è ‚Äì —á–∞—Å—Ç—å —É–Ω–∏–∫–∞–ª—å–Ω–æ–≥–æ —Ä—É–±–ª–µ–Ω–æ–≥–æ –≥–æ—Ä–æ–¥–∞ üåÜ, –≤–æ—Å—Å–æ–∑–¥–∞–Ω–Ω–æ–≥–æ –ø–æ —á–µ—Ä—Ç–µ–∂–∞–º –∏ —Å–æ—Ö—Ä–∞–Ω–∏–≤—à–∏–º—Å—è –∫–∏–Ω–æ–º–∞—Ç–µ—Ä–∏–∞–ª–∞–º 1913 –≥–æ–¥–∞, –∫–æ—Ç–æ—Ä—ã–π –±—ã–ª –ø–æ—Å—Ç—Ä–æ–µ–Ω –≤ —á–µ—Å—Ç—å –ø–æ—Å–ª–µ–¥–Ω–µ–≥–æ –≤–∏–∑–∏—Ç–∞ –∏–º–ø–µ—Ä–∞—Ç–æ—Ä—Å–∫–æ–π ü§¥ —Å–µ–º—å–∏ –∏ —Ü–∞—Ä—è –ù–∏–∫–æ–ª–∞—è II –≤ –Ø—Ä–æ—Å–ª–∞–≤–ª—å.




1 –∏–∑ 2




–í–∏–¥ —Å –í–æ–ª–≥–∏ –Ω–∞ –î–µ–º–∏–¥–æ–≤—Å–∫–∏–π –ª–∏—Ü–µ–π –∏ –†—É–±–ª–µ–Ω—ã–π –≥–æ—Ä–æ–¥. –ù–∞—á–∞–ª–æ XX –≤–µ–∫–∞.
–í–æ –¥–≤–æ—Ä–µ –º—É–∑–µ—è, –æ—Ä–≥–∞–Ω–∏–∑–æ–≤–∞–Ω—ã —Ä–∞–∑–≤–ª–µ–∫–∞—Ç–µ–ª—å–Ω—ã–µ –ø–ª–æ—â–∞–¥–∫–∏ üë®‚Äçüë©‚Äçüëß‚Äçüë¶ –¥–ª—è —É—á–∞—Å—Ç–∏—è –≤ —Å—Ç–∞—Ä–∏–Ω–Ω—ã—Ö —Ä—É—Å—Å–∫–∏—Ö –∑–∞–±–∞–≤–∞—Ö –∏ –∏–≥—Ä–∞—Ö. –ê –≤ —Å–∞–º–æ–º –º—É–∑–µ–µ –í—ã –ø–æ–ª—É—á–∏—Ç–µ —É–Ω–∏–∫–∞–ª—å–Ω—É—é –≤–æ–∑–º–æ–∂–Ω–æ—Å—Ç—å —É–≤–∏–¥–µ—Ç—å —Å–≤–æ–∏–º–∏ –≥–ª–∞–∑–∞–º–∏ –†–∞–±–æ—á–∏–π –∫–∞–±–∏–Ω–µ—Ç –ì–æ—Å—É–¥–∞—Ä—ã–Ω–∏, –µ–µ –ì–∞—Ä–¥–µ—Ä–æ–±–Ω—É—é —Å —Ö—Ä–∞–Ω—è—â–µ–π—Å—è —Ç–∞–º –æ–¥–µ–∂–¥–æ–π üëò, –ö–ª–∞–¥–æ–≤—É—é —Å –ø–æ–¥–∞—Ä–∫–∞–º–∏ –∏ –∑–∞–ø–∞—Å–∞–º–∏ —Å–æ –≤—Å–µ—Ö –∫–æ–Ω—Ü–æ–≤ –∑–µ–º–ª–∏ –∏, –∫–æ–Ω–µ—á–Ω–æ –∂–µ, –¢—Ä–æ–Ω–Ω—ã–π –∑–∞–ª.




1 –∏–∑ 12





–õ—É—á—à–∏–µ –ø–æ–≤–∞—Ä–∞ –µ–µ –í–µ–ª–∏—á–µ—Å—Ç–≤–∞ —É–≥–æ—Å—Ç—è—Ç –í–∞—Å —Ç—Ä–∞–¥–∏—Ü–∏–æ–Ω–Ω—ã–º–∏ —Ä—É—Å—Å–∫–∏–º–∏ –∫—É—à–∞–Ω—å—è–º–∏ ü•û –∏–∑ –¥—Ä–æ–≤—è–Ω–æ–π –ø–µ—á–∏, –∞ –ø—Ä–∏–¥–≤–æ—Ä–Ω—ã–µ –∞—Ä—Ç–∏—Å—Ç—ã –Ω–µ –¥–∞–¥—É—Ç –∑–∞—Å–∫—É—á–∞—Ç—å, —Ä–∞–∑—ã–≥—Ä–∞–≤ üéπ—Å—Ü–µ–Ω—ã –∏ –æ–±—Ä—è–¥—ã –ø—Ä–∞–∑–¥–Ω–æ–≤–∞–Ω–∏—è –ú–∞—Å–ª–µ–Ω–∏—Ü—ã.




1 –∏–∑ 9





–î–ª—è —Å–∞–º—ã—Ö –º–∞–ª–µ–Ω—å–∫–∏—Ö –≥–æ—Å—Ç–µ–π –º—É–∑–µ–π –ø–æ–¥–≥–æ—Ç–æ–≤–∏–ª –∏–≥—Ä–æ–≤—É—é —Ä–∞–∑–≤–ª–µ–∫–∞—Ç–µ–ª—å–Ω—É—é –ø—Ä–æ–≥—Ä–∞–º–º—É:üîπ —Ä—É—Å—Å–∫–∏–µ –Ω–∞—Ä–æ–¥–Ω—ã–µ –∏–≥—Ä—ã ¬´–ó–æ–ª–æ—Ç—ã–µ –≤–æ—Ä–æ—Ç–∞¬ª;üîπ –∏–≥—Ä–∞ ¬´–†—É—á–µ–µ–∫¬ª;üîπ —É–≤–ª–µ–∫–∞—Ç–µ–ª—å–Ω–∞—è —ç–∫—Å–∫—É—Ä—Å–∏—è –ø–æ –º—É–∑–µ—é.







–†–µ–∑–∏–¥–µ–Ω—Ü–∏—è —Ä–∞—Å–ø–æ–ª–æ–∂–µ–Ω–∞ –Ω–∞ —Ç–µ—Ä—Ä–∏—Ç–æ—Ä–∏–∏ –≥–æ—Å—Ç–∏–Ω–∏—á–Ω–æ-—Ä–µ—Å—Ç–æ—Ä–∞–Ω–Ω–æ–≥–æ –∫–æ–º–ø–ª–µ–∫—Å–∞ ¬´–ò–æ–∞–Ω–Ω –í–∞—Å–∏–ª—å–µ–≤–∏—á¬ª üç∏




1 –∏–∑ 3





üß≠ –ì–¥–µ: –≥. –Ø—Ä–æ—Å–ª–∞–≤–ª—å, –†–µ–≤–æ–ª—é—Ü–∏–æ–Ω–Ω—ã–π –ø—Ä–æ–µ–∑–¥, 14–∞‚åõ –ö–æ–≥–¥–∞: –ü–Ω-–ü—Ç —Å 10.00 –¥–æ 16.00‚òé –ö–æ–Ω—Ç–∞–∫—Ç—ã: +7 (901) 994-05-14üí∞ –°—Ç–æ–∏–º–æ—Å—Ç—å: –≤–∑—Ä–æ—Å–ª—ã–π ‚Äì 300 —Ä—É–±., –¥–µ—Ç–∏ (–¥–æ 14 –ª–µ—Ç) ‚Äì 150 —Ä—É–±., –¥–µ—Ç–∏ –¥–æ 5 –ª–µ—Ç ‚Äì –±–µ—Å–ø–ª–∞—Ç–Ω–æ. üíª –°–∞–π—Ç: https://maslenica.info/




1 –∏–∑ 2





103 –ø—Ä–æ—Å–º–æ—Ç—Ä–∞¬∑3 –ø–æ–¥–µ–ª–∏–ª–∏—Å—å 





","–ú—É–∑–µ–π –ú–∞–∫—Å–∏–º–∞ –ë–æ–≥–¥–∞–Ω–æ–≤–∏—á–∞–ê—Ñ–∏—à–∞ –Ø—Ä–æ—Å–ª–∞–≤–ª—å | –Ø–≤–∫—É—Ä—Å–µ | –í—Å–µ –º–µ—Ä–æ–ø—Ä–∏—è—Ç–∏—è¬∑24 –∏—é–Ω –≤ 20:04–ú–µ–º–æ—Ä–∏–∞–ª—å–Ω—ã–π –¥–æ–º-–º—É–∑–µ–π –ú. –ë–æ–≥–¥–∞–Ω–æ–≤–∏—á–∞, –ø–æ–ª–Ω–æ–µ –æ—Ñ–∏—Ü–∏–∞–ª—å–Ω–æ–µ –Ω–∞–∑–≤–∞–Ω–∏–µ ‚Äî –¶–µ–Ω—Ç—Ä –±–µ–ª–æ—Ä—É—Å—Å–∫–æ–π –∫—É–ª—å—Ç—É—Ä—ã.




1 –∏–∑ 8





–ú—É–∑–µ–π –ú–∞–∫—Å–∏–º–∞ –ë–æ–≥–¥–∞–Ω–æ–≤–∏—á–∞ ‚Äî –ª–∏—Ç–µ—Ä–∞—Ç—É—Ä–Ω—ã–π –º—É–∑–µ–π –≤ –Ø—Ä–æ—Å–ª–∞–≤–ª–µ üåÜ, —Å–æ–∑–¥–∞–Ω–Ω—ã–π –≤ –º–µ–º–æ—Ä–∏–∞–ª—å–Ω–æ–º –¥–æ–º–µ –∫–ª–∞—Å—Å–∏–∫–∞ –±–µ–ª–æ—Ä—É—Å—Å–∫–æ–π –ª–∏—Ç–µ—Ä–∞—Ç—É—Ä—ã –ú. –ê. –ë–æ–≥–¥–∞–Ω–æ–≤–∏—á–∞, –≥–¥–µ —Å 1912 –ø–æ 1914 –≥–æ–¥—ã –∂–∏–ª–∞ —Å–µ–º—å—è –ë–æ–≥–¥–∞–Ω–æ–≤–∏—á–µ–π. –ù–∞ —Å–µ–≥–æ–¥–Ω—è—à–Ω–∏–π –¥–µ–Ω—å —ç—Ç–æ –µ–¥–∏–Ω—Å—Ç–≤–µ–Ω–Ω—ã–π –≤ –ø—Ä–µ–¥–µ–ª–∞—Ö –≥–æ—Ä–æ–¥–∞ –º—É–∑–µ–π –ª–∏—Ç–µ—Ä–∞—Ç—É—Ä–Ω–æ–≥–æ ‚úí –ø—Ä–æ—Ñ–∏–ª—è.







–û—Ç–∫—Ä—ã—Ç–∏–µ –º—É–∑–µ—è —Å–æ—Å—Ç–æ—è–ª–æ—Å—å –≤ –¥–µ–∫–∞–±—Ä–µ 1992 –≥–æ–¥–∞. –ü–µ—Ä–≤–æ–Ω–∞—á–∞–ª—å–Ω–æ–π –∑–∞–¥–∞—á–µ–π –º—É–∑–µ—è —Å—Ç–∞–ª–æ –∑–Ω–∞–∫–æ–º—Å—Ç–≤–æ –∂–∏—Ç–µ–ª–µ–π –≥–æ—Ä–æ–¥–∞ —Å —Ç–≤–æ—Ä—á–µ—Å–∫–∏–º üìö –Ω–∞—Å–ª–µ–¥–∏–µ–º –±–µ–ª–æ—Ä—É—Å—Å–∫–æ–≥–æ –ø–æ—ç—Ç–∞, –≤–æ—Å–µ–º—å –∏–∑ –Ω–µ–ø–æ–ª–Ω—ã—Ö –¥–≤–∞–¥—Ü–∞—Ç–∏ —à–µ—Å—Ç–∏ –ª–µ—Ç –ø—Ä–æ–∂–∏–≤—à–µ–≥–æ –≤ –Ø—Ä–æ—Å–ª–∞–≤–ª–µ.






–ú–∞–∫—Å–∏–º –ë–æ–≥–¥–∞–Ω–æ–≤–∏—á
–Ø—Ä–æ—Å–ª–∞–≤–ª—å —Å—Ç–∞–ª –¥–ª—è –ø–æ—ç—Ç–∞ –≤—Ç–æ—Ä–æ–π –†–æ–¥–∏–Ω–æ–π, –≤ –Ω–∞—à–µ–º –≥–æ—Ä–æ–¥–µ –±—ã–ª –Ω–∞–ø–∏—Å–∞–Ω –µ–¥–∏–Ω—Å—Ç–≤–µ–Ω–Ω—ã–π –ø—Ä–∏–∂–∏–∑–Ω–µ–Ω–Ω—ã–π —Å–±–æ—Ä–Ω–∏–∫ üìñ —Å—Ç–∏—Ö–æ–≤ –ú.–ë–æ–≥–¥–∞–Ω–æ–≤–∏—á–∞. –û–¥–Ω–∞ –∏–∑ —Ü–µ–Ω—Ç—Ä–∞–ª—å–Ω—ã—Ö —É–ª–∏—Ü –≥–æ—Ä–æ–¥–∞ –Ω–∞–∑–≤–∞–Ω–∞ –∏–º–µ–Ω–µ–º –ø–æ—ç—Ç–∞, —É –∑–¥–∞–Ω–∏—è –±—ã–≤—à–µ–π –º—É–∂—Å–∫–æ–π –≥–∏–º–Ω–∞–∑–∏–∏ —É—Å—Ç–∞–Ω–æ–≤–ª–µ–Ω –ø–∞–º—è—Ç–Ω–∏–∫ –ú.–ë–æ–≥–¥–∞–Ω–æ–≤–∏—á—É. –í –Ω–∞—Å—Ç–æ—è—â–µ–µ –≤—Ä–µ–º—è –Ω–∞ –±–∞–∑–µ –º—É–∑–µ—è —Å–æ–±—Ä–∞–Ω–∞ –æ–¥–Ω–∞ –∏–∑ –Ω–∞–∏–±–æ–ª–µ–µ –ø–æ–ª–Ω—ã—Ö –≤ –†–æ—Å—Å–∏–π—Å–∫–∏—Ö —Ä–µ–≥–∏–æ–Ω–∞—Ö –±–∏–±–ª–∏–æ—Ç–µ–∫ üìö–ø—É–±–ª–∏–∫–∞—Ü–∏–π –ø–æ—ç—Ç–∞ –∏ –±–∏–±–ª–∏–æ–≥—Ä–∞—Ñ–∏—á–µ—Å–∫–æ–π –ª–∏—Ç–µ—Ä–∞—Ç—É—Ä—ã –æ –Ω–µ–º, –∞ —Ç–∞–∫–∂–µ –±–∏–±–ª–∏–æ—Ç–µ–∫–∞ –±–µ–ª–æ—Ä—É—Å—Å–∫–æ–π –ª–∏—Ç–µ—Ä–∞—Ç—É—Ä—ã . –°–æ—Ç—Ä—É–¥–Ω–∏–∫–∞–º–∏ –º—É–∑–µ—è —Ä–∞–∑—Ä–∞–±–æ—Ç–∞–Ω –±–æ–ª—å—à–æ–π –º–µ—Ç–æ–¥–∏—á–µ—Å–∫–∏–π –º–∞—Ç–µ—Ä–∏–∞–ª –ø–æ –ø–æ–ø—É–ª—è—Ä–∏–∑–∞—Ü–∏–∏ —Ç–≤–æ—Ä—á–µ—Å—Ç–≤–∞ –ú.–ë–æ–≥–¥–∞–Ω–æ–≤–∏—á–∞ —Å—Ä–µ–¥–∏ —Ä–æ—Å—Å–∏—è–Ω, –Ω–µ –≤–ª–∞–¥–µ—é—â–∏—Ö –±–µ–ª–æ—Ä—É—Å—Å–∫–∏–º —è–∑—ã–∫–æ–º.




1 –∏–∑ 7





–í –Ω–∞—Å—Ç–æ—è—â–µ–µ –≤—Ä–µ–º—è –º—É–∑–µ–π –≤—ã—Å—Ç—É–ø–∞–µ—Ç –∫–∞–∫ —Ç—Ä–∞–Ω—Å–ª—è—Ç–æ—Ä —ç—Ç–Ω–∏—á–Ω–æ—Å—Ç–∏, —Ä–µ—à–∞—è –æ–ø—Ä–µ–¥–µ–ª–µ–Ω–Ω—ã–µ –∑–∞–¥–∞—á–∏ –ø–æ —Å–æ—Ö—Ä–∞–Ω–µ–Ω–∏—é –Ω–∞—Ü–∏–æ–Ω–∞–ª—å–Ω–æ–≥–æ —è–∑—ã–∫–∞, —Ç—Ä–∞–¥–∏—Ü–∏–π, –≤–æ—Å–ø–∏—Ç–∞–Ω–∏—è –ø–∞—Ç—Ä–∏–æ—Ç–∏–∑–º–∞, —Ç–æ–ª–µ—Ä–∞–Ω—Ç–Ω–æ—Å—Ç–∏. –í 1995 –≥. –ú—É–∑–µ–π –ø–æ–ª—É—á–∏–ª —Å—Ç–∞—Ç—É—Å –¶–µ–Ω—Ç—Ä–∞ –ë–µ–ª–æ—Ä—É—Å—Å–∫–æ–π –∫—É–ª—å—Ç—É—Ä—ã. 







–í –¶–µ–Ω—Ç—Ä–µ —Å–æ–≤–º–µ—Å—Ç–Ω–æ —Å –±–µ–ª–æ—Ä—É—Å—Å–∫–æ–π –¥–∏–∞—Å–ø–æ—Ä–æ–π –Ø—Ä–æ—Å–ª–∞–≤–ª—è –ø—Ä–æ–≤–æ–¥—è—Ç—Å—è –Ω–∞—Ä–æ–¥–Ω—ã–µ üë®‚Äçüë©‚Äçüëß‚Äçüë¶ –Ω–∞—Ü–∏–æ–Ω–∞–ª—å–Ω—ã–µ –ø—Ä–∞–∑–¥–Ω–∏–∫–∏: ''–ö–∞–ª—è–¥—ã'', –î–∑—è–¥—ã, –ì—É–∫–∞–Ω–Ω–µ –≤—è—Å–Ω—ã –∏ –¥—Ä. –†–µ–≥—É–ª—è—Ä–Ω–æ –æ—Ä–≥–∞–Ω–∏–∑—É—é—Ç—Å—è –î–Ω–∏ –±–µ–ª–æ—Ä—É—Å—Å–∫–æ–π –∫—É—Ö–Ω–∏. –°–æ–±—Ä–∞–Ω–∞ –∫–æ–ª–ª–µ–∫—Ü–∏—è –ø—Ä–µ–¥–º–µ—Ç–æ–≤ –Ω–∞—Ä–æ–¥–Ω–æ–≥–æ –±—ã—Ç–∞ –±–µ–ª–æ—Ä—É—Å—Å–∫–∏—Ö –ø–µ—Ä–µ—Å–µ–ª–µ–Ω—Ü–µ–≤. –ó–¥–µ—Å—å –º–æ–∂–Ω–æ —É—Å–ª—ã—à–∞—Ç—å –±–µ–ª–æ—Ä—É—Å—Å–∫–∏–µ –ø–µ—Å–Ω–∏, –ø–æ—á–∏—Ç–∞—Ç—å –∫–Ω–∏–≥–∏ –±–µ–ª–æ—Ä—É—Å—Å–∫–∏—Ö –∞–≤—Ç–æ—Ä–æ–≤, –æ–∑–Ω–∞–∫–æ–º–∏—Ç—å—Å—è —Å –∏–∑–¥–∞–Ω–∏—è–º–∏ –±–µ–ª–æ—Ä—É—Å—Å–∫–æ–π –ø—Ä–µ—Å—Å—ã. –í –¶–µ–Ω—Ç—Ä–µ –ø—Ä–æ–≤–æ–¥—è—Ç—Å—è –î–Ω–∏ –Ω–∞—Ü–∏–æ–Ω–∞–ª—å–Ω–æ–π –±–µ–ª–æ—Ä—É—Å—Å–∫–æ–π –∫—É—Ö–Ω–∏ ü•û, –º—É–∑—ã–∫–∞–ª—å–Ω—ã–µ –∏ –ø–æ—ç—Ç–∏—á–µ—Å–∫–∏–µ –≤–µ—á–µ—Ä–∞, –ø—Ä–∞–∑–¥–Ω–∏–∫–∏, –ø–æ—Å–≤—è—â—ë–Ω–Ω—ã–µ –∑–Ω–∞–º–µ–Ω–∞—Ç–µ–ª—å–Ω—ã–º –¥–∞—Ç–∞–º –≤ –∏—Å—Ç–æ—Ä–∏–∏ –ë–µ–ª–æ—Ä—É—Å—Å–∏–∏.




1 –∏–∑ 3





–í –ø—Ä–æ–≥—Ä–∞–º–º–µ –¶–µ–Ω—Ç—Ä–∞ –ø—Ä–µ–¥–ª–∞–≥–∞–µ—Ç—Å—è –º–Ω–æ–∂–µ—Å—Ç–≤–æ –∏–Ω—Ç–µ—Ä–∞–∫—Ç–∏–≤–Ω—ã—Ö –ø—Ä–æ–≥—Ä–∞–º–º –¥–ª—è —è—Ä–æ—Å–ª–∞–≤—Ü–µ–≤ –∏ –¥–ª—è –≥–æ—Å—Ç–µ–π –Ω–∞—à–µ–≥–æ –≥–æ—Ä–æ–¥–∞:üîπ —Ç—Ä–∞–¥–∏—Ü–∏–∏ —Ä—É—Å—Å–∫–æ–≥–æ —á–∞–µ–ø–∏—Ç–∏—è;üîπ –ø–æ—Å–∏–¥–µ–ª–∫–∏ —É —Ä—É—Å—Å–∫–æ–π –ø–µ—á–∫–∏;üîπ –¥–µ–≥—É—Å—Ç–∞—Ü–∏—è –±–µ–ª–æ—Ä—É—Å—Å–∫–∏—Ö –Ω–∞—Ü–∏–æ–Ω–∞–ª—å–Ω—ã—Ö –±–ª—é–¥;üîπ –ø—Ä–æ–≤–µ–¥–µ–Ω–∏–µ –î–Ω—è –∏–º–µ–Ω–∏–Ω–Ω–∏–∫–∞ –≤ –∑–∞–ª–∞—Ö –º—É–∑–µ—è;üîπ –ø—Ä–æ–≥—Ä–∞–º–º–∞ –ø–æ —Å–æ–∑–¥–∞–Ω–∏—é –Ω–∞ —Ç–µ—Ä—Ä–∏—Ç–æ—Ä–∏–∏ —É—Å–∞–¥—å–±—ã –ø—Ä–æ–µ–∫—Ç–∞ —Ä—É—Å—Å–∫–æ-–±–µ–ª–æ—Ä—É—Å—Å–∫–∞—è –≥–æ—Ä–Ω–∏—Ü–∞.







üß≠ –ì–¥–µ: –≥. –Ø—Ä–æ—Å–ª–∞–≤–ª—å, —É–ª. –ß–∞–π–∫–æ–≤—Å–∫–æ–≥–æ, 21, –ö–∏—Ä–æ–≤—Å–∫–∏–π —Ä-–Ω.‚åõ –ö–æ–≥–¥–∞: –ø–Ω-—Å–± 9:00‚Äì18:00 (–≤–æ—Å–∫—Ä–µ—Å–µ–Ω—å–µ ‚Äî –≤—ã—Ö–æ–¥–Ω–æ–π)‚òé –ö–æ–Ω—Ç–∞–∫—Ç—ã: +7 4852 32-93-54üíª –°–∞–π—Ç: http://mukmig.yaroslavl.ru/?menu0402=




1 –∏–∑ 2





92 –ø—Ä–æ—Å–º–æ—Ç—Ä–∞¬∑3 –ø–æ–¥–µ–ª–∏–ª–∏—Å—å 





","–ú—É–∑–µ–π-—Ç–µ–∞—Ç—Ä ¬´–ê–ª—ë—à–∏–Ω–æ –ø–æ–¥–≤–æ—Ä—å–µ¬ª–ê—Ñ–∏—à–∞ –Ø—Ä–æ—Å–ª–∞–≤–ª—å | –Ø–≤–∫—É—Ä—Å–µ | –í—Å–µ –º–µ—Ä–æ–ø—Ä–∏—è—Ç–∏—è¬∑21 –∏—é–Ω –≤ 15:07–ú—É–∑–µ–π-—Ç–µ–∞—Ç—Ä ¬´–ê–ª–µ—à–∏–Ω–æ –ø–æ–¥–≤–æ—Ä—å–µ¬ª, –∑–∞–Ω–∏–º–∞—é—â–∏–π —á–∞—Å—Ç—å –∏—Å—Ç–æ—Ä–∏—á–µ—Å–∫–æ–≥–æ —Ü–µ–Ω—Ç—Ä–∞ –Ø—Ä–æ—Å–ª–∞–≤–ª—è, –ø—Ä–µ–¥—Å—Ç–∞–≤–ª—è–µ—Ç —Å–æ–±–æ–π –º—É–∑–µ–π, –ø—Ä–æ—á–Ω–æ –∞—Å—Å–æ—Ü–∏–∏—Ä—É—é—â–∏–π—Å—è —Å —Ä—É—Å—Å–∫–∏–º —Ñ–æ–ª—å–∫–ª–æ—Ä–æ–º, –Ω–∞–∫–æ–ø–ª–µ–Ω–Ω—ã–º–∏ –≤–µ–∫–∞–º–∏ —Ç—Ä–∞–¥–∏—Ü–∏—è–º–∏ –∏ –ø—Ä–æ–≤–∏–Ω—Ü–∏–∞–ª—å–Ω—ã–º –∫–æ–ª–æ—Ä–∏—Ç–æ–º.




1 –∏–∑ 5





–ì–æ—Å—Ç–µ–π –º—É–∑–µ—è —É–∂–µ –Ω–∞ –ø–æ—Ä–æ–≥–µ –≤—Å—Ç—Ä–µ—á–∞—é—Ç –∑–Ω–∞–∫–æ–º—ã–µ —Å–æ —à–∫–æ–ª—å–Ω–æ–π —Å–∫–∞–º—å–∏ –≥–µ—Ä–æ–∏. –ü–µ—Ä—Å–æ–Ω–∞–∂–∞–º —Ä—É—Å—Å–∫–∏—Ö –±—ã–ª–∏–Ω –∏ —Å–∫–∞–∑–æ–∫ –∑–¥–µ—Å—å –æ—Ç–≤–µ–¥–µ–Ω–∞ –≥–ª–∞–≤–µ–Ω—Å—Ç–≤—É—é—â–∞—è —Ä–æ–ª—å: –æ–∑–æ—Ä–Ω–æ–º—É –ê–ª–µ—à–µ –ü–æ–ø–æ–≤–∏—á—É –Ω–µ —Ç–µ—Ä–ø–∏—Ç—Å—è —Ä–∞–∑–≤–ª–µ—á—å –ø—Ä–∏—à–µ–¥—à–∏—Ö –ø—Ä–∏–±–∞—É—Ç–∫–∞–º–∏ –∏ –∑–∞–Ω–∏–º–∞—Ç–µ–ª—å–Ω—ã–º–∏ —Ä–∞—Å—Å–∫–∞–∑–∞–º–∏, –µ–º—É –≤—Ç–æ—Ä–∏—Ç —Å–º–µ—à–Ω–æ–π –¥–æ–º–æ–≤–æ–π –®–∞–±–∞—Ä—à–∞, –≤ –ø—Ä–æ—Ü–µ—Å—Å–µ –≤—Å–µ–æ–±—â–µ–≥–æ –≤–µ—Å–µ–ª—å—è –∫ –Ω–∏–º –ø–æ–¥–∫–ª—é—á–∞–µ—Ç—Å—è –∫—Ä–∞—Å–∞–≤–∏—Ü–∞ –õ—é–±–∞–≤–∞, –∑–∞–±–æ—Ç—è—â–∞—è—Å—è –æ –≥–æ—Å—Ç—è—Ö –∏ –ø—Ä–∏–Ω–æ—Å—è—â–∞—è –∏–º –ø–æ–¥–∞—Ä–∫–∏.




1 –∏–∑ 2





–ú—É–∑–µ–π-—Ç–µ–∞—Ç—Ä –Ω–∞—Ö–æ–¥–∏—Ç—Å—è –Ω–∞ —Ç–µ—Ä—Ä–∏—Ç–æ—Ä–∏–∏ —Ç—É—Ä–∏—Å—Ç–∏—á–µ—Å–∫–æ–≥–æ –∫–æ–º–ø–ª–µ–∫—Å–∞ ¬´–ê–ª–µ—à–∞ –ü–æ–ø–æ–≤–∏—á –î–≤–æ—Ä¬ª, —Ç–µ–º –Ω–µ –º–µ–Ω–µ–µ —Å—é–¥–∞ –º–æ–≥—É—Ç –∑–∞–π—Ç–∏ –≤—Å–µ –∂–µ–ª–∞—é—â–∏–µ. –ö–æ–º–ø–ª–µ–∫—Å –ø—Ä–∏–≤–ª–µ–∫–∞–µ—Ç –∫–∞–∫ –≥–æ—Ä–æ–∂–∞–Ω, —Ç–∞–∫ –∏ –ø—Ä–∏–µ–∑–∂–∏—Ö —Å–∫–∞–∑–æ—á–Ω–æ—Å—Ç—å—é –∏–º–µ—é—â–∏—Ö—Å—è –∏–Ω—Ç–µ—Ä—å–µ—Ä–æ–≤: —Å–≤–æ–∏–º–∏ —Ä–µ–∑–Ω—ã–º–∏ –±–∞–ª–∫–æ–Ω–∞–º–∏ –∏ –∫—Ä—ã–ª–µ—á–∫–∞–º–∏, –¥–µ—Ä–µ–≤—è–Ω–Ω–æ–π –º–µ–±–µ–ª—å—é, –º–∞—Å—Å–∏–≤–Ω—ã–º–∏ –¥–≤–µ—Ä—å–º–∏ –∏ –Ω–æ–º–µ—Ä–∞–º–∏ ¬´—Å –ø–æ–ª–∞—Ç—è–º–∏¬ª. –ó–¥–µ—Å—å –µ—Å—Ç—å –º–µ—Å—Ç–æ –∏ –∫–Ω—è–∂–µ—Å–∫–∏–º –∞–ø–∞—Ä—Ç–∞–º–µ–Ω—Ç–∞–º, –≥–æ—Å—Ç–∏ —Ç–∞–∫–∂–µ –º–æ–≥—É—Ç –ø–æ–ø–∞—Ä–∏—Ç—å—Å—è –≤ ¬´–ü–æ–ø–æ–≤—Å–∫–∏—Ö –±–∞–Ω—è—Ö¬ª –∏–ª–∏ –ø–æ—Å–µ—Ç–∏—Ç—å —Ä–µ—Å—Ç–æ—Ä–∞–Ω ¬´–î—è–¥—å–∫–∞ –ß–µ—Ä–Ω–æ–º–æ—Ä¬ª —Å —Å–æ–æ—Ç–≤–µ—Ç—Å—Ç–≤—É—é—â–∏–º –æ—Ñ–æ—Ä–º–ª–µ–Ω–∏–µ–º –≤ –¥—Ä–µ–≤–Ω–µ—Ä—É—Å—Å–∫–æ–º —Å—Ç–∏–ª–µ. –í ¬´–ê–ª–µ—à–∏–Ω–æ–º –ø–æ–¥–≤–æ—Ä—å–µ¬ª –Ω–∞ –≤—Ö–æ–¥–µ –≤–∑—Ä–æ—Å–ª—ã–µ –∏ –¥–µ—Ç–∏ –ø–æ–ª—É—á–∞—é—Ç –±–∞—Ö–∏–ª—ã –≤ –≤–∏–¥–µ –ª–∞–ø—Ç–µ–π, —Ç—É–∞–ª–µ—Ç—ã –∂–µ –∑–¥–µ—Å—å –æ–±–æ–∑–Ω–∞—á–µ–Ω—ã –Ω–µ —Å—Ç–∞–Ω–¥–∞—Ä—Ç–Ω—ã–º–∏ –±—É–∫–≤–∞–º–∏ ¬´–ú¬ª –∏ ¬´–ñ¬ª, –∞ –≤–ø–æ–ª–Ω–µ —Å–∫–∞–∑–æ—á–Ω—ã–º–∏ ¬´–ë–æ–≥–∞—Ç—ã—Ä—Å–∫–∞—è¬ª –∏ ¬´–î–µ–≤–∏—á—å—è¬ª))




1 –∏–∑ 4





–ú–µ—Å—Ç–æ –æ–¥–Ω–æ–∑–Ω–∞—á–Ω–æ —è–≤–ª—è–µ—Ç—Å—è –æ–¥–Ω–∏–º –∏–∑ –Ω–∞–∏–±–æ–ª–µ–µ –∏–∑–≤–µ—Å—Ç–Ω—ã—Ö —Ñ–æ–ª—å–∫–ª–æ—Ä–Ω—ã—Ö –∫–æ–º–ø–ª–µ–∫—Å–æ–≤ –≥–æ—Ä–æ–¥–∞, —Å–ø–æ—Å–æ–±–Ω—ã–º —É–¥–∏–≤–∏—Ç—å –≤—Å–µ—Ö –æ—Ç –º–∞–ª–∞ –¥–æ –≤–µ–ª–∏–∫–∞. –°–ª—É—á–∞–µ—Ç—Å—è, —á—Ç–æ –∑–∞ –¥–µ–Ω—å –ø–æ–±—ã–≤–∞—Ç—å –≤ –º—É–∑–µ–µ-—Ç–µ–∞—Ç—Ä–µ —É—Å–ø–µ–≤–∞—é—Ç –¥–æ 150 —á–µ–ª–æ–≤–µ–∫.




1 –∏–∑ 3





–ö–∞–∂–¥—ã–π –ø–æ—Å–µ—Ç–∏—Ç–µ–ª—å –º—É–∑–µ—è-—Ç–µ–∞—Ç—Ä–∞ —Å—Ç–∞–Ω–æ–≤–∏—Ç—Å—è —á–∞—Å—Ç—å—é –º–∞—Å—à—Ç–∞–±–Ω–æ–≥–æ –ø—Ä–µ–¥—Å—Ç–∞–≤–ª–µ–Ω–∏—è. –ì–æ—Å—Ç–∏ –∑–∞–≥–∞–¥—ã–≤–∞—é—Ç –∂–µ–ª–∞–Ω–∏—è –≤ –ø—Ä–æ—Ü–µ—Å—Å–µ –ø–µ—Ä—Ñ–æ—Ä–º–∞–Ω—Å–∞, ¬´–∑–∞—Ä—è–∂–∞—é—Ç—Å—è¬ª –∑–¥–æ—Ä–æ–≤—å–µ–º, –ø–æ–≥—Ä—É–∂–∞—è –ª–∞–¥–æ–Ω–∏ –≤ –∂–∏–≤—É—é –≤–æ–¥—É, —É–∑–Ω–∞—é—Ç –º–∞–ª–æ–∏–∑–≤–µ—Å—Ç–Ω—ã–µ –ø—Ä–∏–º–µ—Ç—ã –∏ –ø—Ä–µ–¥–∞–Ω–∏—è, –∫ –ø—Ä–∏–º–µ—Ä—É, –µ—Å–ª–∏ –ø–æ–≥–ª–∞–¥–∏—Ç—å –∫–æ–Ω—è –ì–∞—è –Æ–ª–∏—è –¶–µ–∑–∞—Ä—è, —Ç–æ –≤ —Å–∫–æ—Ä–æ–º –≤—Ä–µ–º–µ–Ω–∏ –º–æ–∂–Ω–æ –æ–±–∑–∞–≤–µ—Å—Ç–∏—Å—å —Å–æ–±—Å—Ç–≤–µ–Ω–Ω–æ–π –ª–æ—à–∞–¥—å—é, –µ—Å–ª–∏ –∂–µ –ø–æ–≤–µ–¥–µ–Ω–∏–µ –≤ –ø–æ—Å–ª–µ–¥–Ω–∏–µ –¥–Ω–∏ –æ—Å—Ç–∞–≤–ª—è–ª–æ –∂–µ–ª–∞—Ç—å –ª—É—á—à–µ–≥–æ, —Ç–æ –æ–º—ã–≤–∞—Ç—å —Ä—É–∫–∏ ¬´–∂–∏–≤–æ–π¬ª –≤–æ–¥–æ–π –Ω–µ —Å—Ç–æ–∏—Ç ‚Äî –æ–Ω–∏ –º–æ–≥—É—Ç –æ—Ç–≤–∞–ª–∏—Ç—å—Å—è.




1 –∏–∑ 3





–ü–æ–≥—Ä—É–∂–µ–Ω–∏–µ –≤ –±–æ–≥–∞—Ç—ã—Ä—Å–∫–∏–π –±—ã—Ç XII –≤–µ–∫–∞, –∏–Ω—Ç–µ—Ä–∞–∫—Ç–∏–≤–Ω–∞—è —ç–∫—Å–∫—É—Ä—Å–∏—è –Ω–∏–∫–æ–≥–æ –Ω–µ –æ—Å—Ç–∞–≤–∏—Ç —Ä–∞–≤–Ω–æ–¥—É—à–Ω—ã–º, –ø–æ–º–∏–º–æ —ç—Ç–æ–≥–æ –º—É–∑–µ–π –ø—Ä–µ–¥–ª–∞–≥–∞–µ—Ç —Å–∫–∞–∑–æ—á–Ω—ã–π –∫–≤–µ—Å—Ç –¥–ª—è –≤—Å–µ—Ö –≤–æ–∑—Ä–∞—Å—Ç–æ–≤ –¥–ª—è —Å–∞–º—ã—Ö –∞–∫—Ç–∏–≤–Ω—ã—Ö –∏ —Å–æ–æ–±—Ä–∞–∑–∏—Ç–µ–ª—å–Ω—ã—Ö –ø–æ–∫–ª–æ–Ω–Ω–∏–∫–æ–≤ –ø—Ä–∏–∫–ª—é—á–µ–Ω–∏–π. 







–î–ª—è –≤–∑—Ä–æ—Å–ª—ã—Ö –ø—Ä–µ–¥–ª–∞–≥–∞–µ—Ç—Å—è –ø—Ä–∞–∑–¥–Ω–∏—á–Ω–∞—è –ø—Ä–æ–≥—Ä–∞–º–º–∞ ¬´–£–≥–æ—â–µ–Ω–∏–µ –æ—Ç –õ—é–±–∞–≤—ã¬ª, —Ä–∞–¥—É—é—â–∞—è –≥–æ—Å—Ç–µ–π –Ω–∞–ª–∏–≤–æ—á–∫–æ–π, –∫–≤–∞—à–µ–Ω–æ–π –∫–∞–ø—É—Å—Ç–æ–π –∏ —Ö—Ä—É—Å—Ç—è—â–∏–º–∏ –æ–≥—É—Ä—á–∏–∫–∞–º–∏. –ê –¥–µ—Ç–∏ –≤ —ç—Ç–æ –≤—Ä–µ–º—è –º–æ–≥—É—Ç –ø–æ—Å–µ—Ç–∏—Ç—å —Ä—è–¥ –æ–±—Ä–∞–∑–æ–≤–∞—Ç–µ–ª—å–Ω—ã—Ö –∫—Ä–∞–µ–≤–µ–¥—á–µ—Å–∫–∏—Ö –ø—Ä–æ–µ–∫—Ç–æ–≤ –∏–ª–∏ —Ç–≤–æ—Ä—á–µ—Å–∫–∏–µ —É—Ä–æ–∫–∏ –∏—Å—Ç–æ—Ä–∏–∏, –≥–¥–µ –≤ –∏–≥—Ä–æ–≤–æ–π —Ñ–æ—Ä–º–µ —É–∑–Ω–∞—é—Ç –æ—Ç —Å–∫–∞–∑–æ—á–Ω—ã—Ö –≥–µ—Ä–æ–µ–≤, –∫–∞–∫ –∂–∏–ª–∏ –∏ –≤–µ–ª–∏ –±—ã—Ç –ª—é–¥–∏ –≤ —Å—Ä–µ–¥–Ω–µ–≤–µ–∫–æ–≤–æ–π –†—É—Å–∏. 







–ú—É–∑–µ–π –ø—Ä–µ–¥–ª–∞–≥–∞–µ—Ç –∫ –∏–∑—É—á–µ–Ω–∏—é —Å—Ç–∞—Ä–∏–Ω–Ω—ã–µ —Ä—É—Å—Å–∫–∏–µ —Ä–µ–º–µ—Å–ª–∞, —Ç–∞–∫–∏–µ –∫–∞–∫ –ø–ª–µ—Ç–µ–Ω–∏–µ –Ω–∞ –∫–æ–∫–ª—é—à–∫–∞—Ö –∏ –≥–æ–Ω—á–∞—Ä–Ω–æ–µ –¥–µ–ª–æ, —Ç–∞–∫–∂–µ –∑–¥–µ—Å—å –º–æ–∂–Ω–æ –∏–∑—É—á–∏—Ç—å —Å–æ–≤—Ä–µ–º–µ–Ω–Ω—ã–µ —Ç–µ—Ö–Ω–∏–∫–∏ ‚Äî —ç–±—Ä—É, –º—ã–ª–æ–≤–∞—Ä–µ–Ω–∏–µ –∏ —Ñ—å—é–∑–∏–Ω–≥.




1 –∏–∑ 6





üß≠ –ì–¥–µ: –≥. –Ø—Ä–æ—Å–ª–∞–≤–ª—å, —É–ª. –ü–µ—Ä–≤–æ–º–∞–π—Å–∫–∞—è, 55‚åõ –ö–æ–≥–¥–∞: –µ–∂–µ–¥–Ω–µ–≤–Ω–æ —Å 10:00 –¥–æ 18:00, –ø–Ω ‚Äì –≤—ã—Ö–æ–¥–Ω–æ–π‚òé –ö–æ–Ω—Ç–∞–∫—Ç—ã: +7(910)973-31-32; +7(4852)64-04-31üí∞ –°—Ç–æ–∏–º–æ—Å—Ç—å: —Ç–µ–∞—Ç—Ä–∞–ª–∏–∑–æ–≤–∞–Ω–Ω–∞—è —ç–∫—Å–∫—É—Ä—Å–∏—è: –≤–∑—Ä–æ—Å–ª—ã–µ ‚Äì 250 —Ä—É–±., –¥–µ—Ç–∏ ‚Äì 180 —Ä—É–±.üíª –°–∞–π—Ç: http://ap-dvor.ru/muzej/–ö–∞–∫ –¥–æ–±—Ä–∞—Ç—å—Å—è:–ú—É–∑–µ–π –Ω–∞—Ö–æ–¥–∏—Ç—Å—è –Ω–µ–¥–∞–ª–µ–∫–æ –æ—Ç —Å—Ç–µ–Ω –°–ø–∞—Å–æ-–ü—Ä–µ–æ–±—Ä–∞–∂–µ–Ω—Å–∫–æ–≥–æ –º–æ–Ω–∞—Å—Ç—ã—Ä—è, —ç—Ç–æ –∏—Å—Ç–æ—Ä–∏—á–µ—Å–∫–∏–π —Ü–µ–Ω—Ç—Ä –≥–æ—Ä–æ–¥–∞. –î–æ–µ—Ö–∞—Ç—å –¥–æ –º–µ—Å—Ç–∞ –º–æ–∂–Ω–æ –Ω–∞ –ª—é–±–æ–º –≤–∏–¥–µ –æ–±—â–µ—Å—Ç–≤–µ–Ω–Ω–æ–≥–æ —Ç—Ä–∞–Ω—Å–ø–æ—Ä—Ç–∞, —Å–ª–µ–¥—É—é—â–µ–º —á–µ—Ä–µ–∑ –ø–ª–æ—â–∞–¥—å –ë–æ–≥–æ—è–≤–ª–µ–Ω–∏—è. –ï—Å–ª–∏ —Å–æ–π—Ç–∏ –Ω–∞ –æ—Å—Ç–∞–Ω–æ–≤–∫–µ ¬´–ü–µ—Ä–≤–æ–º–∞–π—Å–∫–∞—è¬ª, –Ω–µ–æ–±—Ö–æ–¥–∏–º–æ –±—É–¥–µ—Ç –ø–µ—Ä–µ–π—Ç–∏ –æ—Ç –≥–ª–∞–≤–ø–æ—á—Ç–∞–º—Ç–∞ –Ω–∞ –ø—Ä–æ—Ç–∏–≤–æ–ø–æ–ª–æ–∂–Ω—É—é —Å—Ç–æ—Ä–æ–Ω—É –ë–æ–≥–æ—è–≤–ª–µ–Ω—Å–∫–æ–π –ø–ª–æ—â–∞–¥–∏ –∏ –∫–∞–∫–æ–µ-—Ç–æ –≤—Ä–µ–º—è –∏–¥—Ç–∏ –ø–µ—à–∏–º —à–∞–≥–æ–º –¥–æ –ö–æ—Ç–æ—Ä–æ—Å–ª—å–Ω–æ–π –Ω–∞–±–µ—Ä–µ–∂–Ω–æ–π. –°—é–¥–∞ –∏–¥—É—Ç –º–∞—Ä—à—Ä—É—Ç—ã –∞–≤—Ç–æ–±—É—Å–æ–≤ ‚Ññ 2, ‚Ññ 5, ‚Ññ 8, ‚Ññ 14, ‚Ññ 19–∫, ‚Ññ 21–ë, ‚Ññ 33, ‚Ññ 42, ‚Ññ 76, ‚Ññ 139–∞, —Ç—Ä–æ–ª–ª–µ–π–±—É—Å ‚Ññ 9, –º–∞—Ä—à—Ä—É—Ç–Ω–æ–µ —Ç–∞–∫—Å–∏ ‚Ññ 36, ‚Ññ 37, ‚Ññ 45, ‚Ññ 46, ‚Ññ 47, ‚Ññ 61, ‚Ññ 71, ‚Ññ 73, ‚Ññ 80, ‚Ññ 81, ‚Ññ 82, ‚Ññ 84, ‚Ññ 87, ‚Ññ 91, ‚Ññ 94, ‚Ññ 96, ‚Ññ 97, ‚Ññ 98, ‚Ññ 176, ‚Ññ 178.




1 –∏–∑ 2




–í–∏–¥ –∏–∑ –æ–∫–Ω–∞ –∫–æ–º–ø–ª–µ–∫—Å–∞
93 –ø—Ä–æ—Å–º–æ—Ç—Ä–∞¬∑4 –ø–æ–¥–µ–ª–∏–ª–∏—Å—å 





"
